Date,Google_Trends
2005-01-01,37
2005-01-02,68
2005-01-03,56
2005-01-04,82
2005-01-05,42
2005-01-06,61
2005-01-07,36
2005-01-08,67
2005-01-09,43
2005-01-10,53
2005-01-11,45
2005-01-12,46
2005-01-13,58
2005-01-14,59
2005-01-15,37
2005-01-16,50
2005-01-17,60
2005-01-18,42
2005-01-19,63
2005-01-20,59
2005-01-21,60
2005-01-22,29
2005-01-23,40
2005-01-24,62
2005-01-25,47
2005-01-26,44
2005-01-27,65
2005-01-28,66
2005-01-29,35
2005-01-30,65
2005-01-31,44
2005-02-01,37
2005-02-02,73
2005-02-03,39
2005-02-04,46
2005-02-05,47
2005-02-06,39
2005-02-07,65
2005-02-08,46
2005-02-09,51
2005-02-10,55
2005-02-11,47
2005-02-12,46
2005-02-13,37
2005-02-14,42
2005-02-15,44
2005-02-16,65
2005-02-17,49
2005-02-18,52
2005-02-19,45
2005-02-20,60
2005-02-21,57
2005-02-22,51
2005-02-23,39
2005-02-24,61
2005-02-25,44
2005-02-26,41
2005-02-27,66
2005-02-28,70
2005-03-01,43
2005-03-02,35
2005-03-03,41
2005-03-04,47
2005-03-05,40
2005-03-06,20
2005-03-07,52
2005-03-08,54
2005-03-09,41
2005-03-10,39
2005-03-11,64
2005-03-12,56
2005-03-13,61
2005-03-14,48
2005-03-15,35
2005-03-16,40
2005-03-17,50
2005-03-18,37
2005-03-19,44
2005-03-20,48
2005-03-21,69
2005-03-22,38
2005-03-23,61
2005-03-24,55
2005-03-25,20
2005-03-26,63
2005-03-27,43
2005-03-28,38
2005-03-29,53
2005-03-30,32
2005-03-31,40
2005-04-01,38
2005-04-02,34
2005-04-03,34
2005-04-04,100
2005-04-05,0
2005-04-06,58
2005-04-07,45
2005-04-08,46
2005-04-09,44
2005-04-10,42
2005-04-11,51
2005-04-12,48
2005-04-13,25
2005-04-14,66
2005-04-15,52
2005-04-16,40
2005-04-17,29
2005-04-18,35
2005-04-19,28
2005-04-20,50
2005-04-21,44
2005-04-22,49
2005-04-23,27
2005-04-24,34
2005-04-25,43
2005-04-26,36
2005-04-27,41
2005-04-28,48
2005-04-29,37
2005-04-30,27
2005-05-01,47
2005-05-02,50
2005-05-03,60
2005-05-04,37
2005-05-05,52
2005-05-06,34
2005-05-07,44
2005-05-08,35
2005-05-09,39
2005-05-10,49
2005-05-11,34
2005-05-12,43
2005-05-13,33
2005-05-14,42
2005-05-15,38
2005-05-16,59
2005-05-17,48
2005-05-18,26
2005-05-19,41
2005-05-20,37
2005-05-21,49
2005-05-22,38
2005-05-23,32
2005-05-24,39
2005-05-25,41
2005-05-26,48
2005-05-27,49
2005-05-28,45
2005-05-29,58
2005-05-30,36
2005-05-31,53
2005-06-01,41
2005-06-02,65
2005-06-03,30
2005-06-04,57
2005-06-05,47
2005-06-06,37
2005-06-07,29
2005-06-08,51
2005-06-09,31
2005-06-10,69
2005-06-11,44
2005-06-12,48
2005-06-13,43
2005-06-14,27
2005-06-15,52
2005-06-16,39
2005-06-17,30
2005-06-18,42
2005-06-19,42
2005-06-20,44
2005-06-21,46
2005-06-22,42
2005-06-23,43
2005-06-24,57
2005-06-25,51
2005-06-26,46
2005-06-27,35
2005-06-28,44
2005-06-29,56
2005-06-30,37
2005-07-01,41
2005-07-02,37
2005-07-03,14
2005-07-04,56
2005-07-05,45
2005-07-06,55
2005-07-07,55
2005-07-08,48
2005-07-09,27
2005-07-10,41
2005-07-11,33
2005-07-12,67
2005-07-13,48
2005-07-14,56
2005-07-15,40
2005-07-16,42
2005-07-17,46
2005-07-18,47
2005-07-19,81
2005-07-20,61
2005-07-21,28
2005-07-22,36
2005-07-23,49
2005-07-24,36
2005-07-25,60
2005-07-26,33
2005-07-27,59
2005-07-28,40
2005-07-29,49
2005-07-30,32
2005-07-31,54
2005-08-01,59
2005-08-02,58
2005-08-03,45
2005-08-04,51
2005-08-05,61
2005-08-06,49
2005-08-07,35
2005-08-08,59
2005-08-09,30
2005-08-10,50
2005-08-11,51
2005-08-12,40
2005-08-13,31
2005-08-14,52
2005-08-15,62
2005-08-16,51
2005-08-17,47
2005-08-18,45
2005-08-19,53
2005-08-20,55
2005-08-21,42
2005-08-22,56
2005-08-23,38
2005-08-24,0
2005-08-25,43
2005-08-26,37
2005-08-27,41
2005-08-28,45
2005-08-29,62
2005-08-30,51
2005-08-31,51
2005-09-01,52
2005-09-02,28
2005-09-03,57
2005-09-04,33
2005-09-05,28
2005-09-06,52
2005-09-07,46
2005-09-08,33
2005-09-09,48
2005-09-10,23
2005-09-11,56
2005-09-12,41
2005-09-13,38
2005-09-14,63
2005-09-15,57
2005-09-16,51
2005-09-17,23
2005-09-18,38
2005-09-19,39
2005-09-20,29
2005-09-21,46
2005-09-22,42
2005-09-23,62
2005-09-24,23
2005-09-25,29
2005-09-26,51
2005-09-27,68
2005-09-28,60
2005-09-29,29
2005-09-30,32
2005-10-01,60
2005-10-02,41
2005-10-03,56
2005-10-04,59
2005-10-05,41
2005-10-06,46
2005-10-07,63
2005-10-08,30
2005-10-09,54
2005-10-10,53
2005-10-11,44
2005-10-12,48
2005-10-13,19
2005-10-14,36
2005-10-15,36
2005-10-16,39
2005-10-17,43
2005-10-18,43
2005-10-19,34
2005-10-20,49
2005-10-21,45
2005-10-22,46
2005-10-23,45
2005-10-24,61
2005-10-25,50
2005-10-26,44
2005-10-27,56
2005-10-28,43
2005-10-29,74
2005-10-30,42
2005-10-31,67
2005-11-01,55
2005-11-02,51
2005-11-03,69
2005-11-04,67
2005-11-05,28
2005-11-06,43
2005-11-07,61
2005-11-08,50
2005-11-09,0
2005-11-10,75
2005-11-11,48
2005-11-12,31
2005-11-13,53
2005-11-14,70
2005-11-15,55
2005-11-16,73
2005-11-17,63
2005-11-18,62
2005-11-19,68
2005-11-20,43
2005-11-21,61
2005-11-22,43
2005-11-23,62
2005-11-24,59
2005-11-25,48
2005-11-26,44
2005-11-27,68
2005-11-28,87
2005-11-29,76
2005-11-30,60
2005-12-01,75
2005-12-02,56
2005-12-03,63
2005-12-04,64
2005-12-05,77
2005-12-06,78
2005-12-07,70
2005-12-08,71
2005-12-09,57
2005-12-10,80
2005-12-11,100
2005-12-12,69
2005-12-13,88
2005-12-14,57
2005-12-15,68
2005-12-16,82
2005-12-17,58
2005-12-18,85
2005-12-19,56
2005-12-20,82
2005-12-21,84
2005-12-22,48
2005-12-23,53
2005-12-24,37
2005-12-25,36
2005-12-26,43
2005-12-27,47
2005-12-28,78
2005-12-29,66
2005-12-30,64
2005-12-31,58
2006-01-01,32
2006-01-02,58
2006-01-03,57
2006-01-04,63
2006-01-05,91
2006-01-06,74
2006-01-07,84
2006-01-08,50
2006-01-09,100
2006-01-10,63
2006-01-11,65
2006-01-12,64
2006-01-13,40
2006-01-14,46
2006-01-15,39
2006-01-16,43
2006-01-17,38
2006-01-18,62
2006-01-19,57
2006-01-20,65
2006-01-21,45
2006-01-22,58
2006-01-23,59
2006-01-24,48
2006-01-25,42
2006-01-26,37
2006-01-27,65
2006-01-28,76
2006-01-29,74
2006-01-30,52
2006-01-31,66
2006-02-01,43
2006-02-02,69
2006-02-03,72
2006-02-04,47
2006-02-05,40
2006-02-06,51
2006-02-07,53
2006-02-08,52
2006-02-09,41
2006-02-10,61
2006-02-11,37
2006-02-12,59
2006-02-13,52
2006-02-14,39
2006-02-15,41
2006-02-16,58
2006-02-17,57
2006-02-18,75
2006-02-19,54
2006-02-20,64
2006-02-21,63
2006-02-22,27
2006-02-23,57
2006-02-24,44
2006-02-25,62
2006-02-26,60
2006-02-27,58
2006-02-28,43
2006-03-01,67
2006-03-02,60
2006-03-03,43
2006-03-04,65
2006-03-05,24
2006-03-06,51
2006-03-07,45
2006-03-08,69
2006-03-09,45
2006-03-10,58
2006-03-11,53
2006-03-12,57
2006-03-13,33
2006-03-14,59
2006-03-15,53
2006-03-16,54
2006-03-17,59
2006-03-18,42
2006-03-19,55
2006-03-20,68
2006-03-21,48
2006-03-22,46
2006-03-23,43
2006-03-24,54
2006-03-25,36
2006-03-26,60
2006-03-27,40
2006-03-28,49
2006-03-29,48
2006-03-30,42
2006-03-31,67
2006-04-01,39
2006-04-02,44
2006-04-03,59
2006-04-04,57
2006-04-05,62
2006-04-06,44
2006-04-07,59
2006-04-08,51
2006-04-09,47
2006-04-10,43
2006-04-11,58
2006-04-12,54
2006-04-13,35
2006-04-14,32
2006-04-15,54
2006-04-16,34
2006-04-17,53
2006-04-18,38
2006-04-19,60
2006-04-20,54
2006-04-21,41
2006-04-22,42
2006-04-23,35
2006-04-24,42
2006-04-25,48
2006-04-26,31
2006-04-27,54
2006-04-28,26
2006-04-29,33
2006-04-30,25
2006-05-01,58
2006-05-02,49
2006-05-03,56
2006-05-04,59
2006-05-05,47
2006-05-06,34
2006-05-07,52
2006-05-08,48
2006-05-09,61
2006-05-10,60
2006-05-11,31
2006-05-12,48
2006-05-13,30
2006-05-14,55
2006-05-15,57
2006-05-16,52
2006-05-17,43
2006-05-18,31
2006-05-19,42
2006-05-20,27
2006-05-21,34
2006-05-22,45
2006-05-23,44
2006-05-24,43
2006-05-25,52
2006-05-26,46
2006-05-27,51
2006-05-28,37
2006-05-29,48
2006-05-30,55
2006-05-31,32
2006-06-01,45
2006-06-02,68
2006-06-03,52
2006-06-04,34
2006-06-05,40
2006-06-06,42
2006-06-07,58
2006-06-08,45
2006-06-09,44
2006-06-10,41
2006-06-11,26
2006-06-12,36
2006-06-13,49
2006-06-14,45
2006-06-15,56
2006-06-16,42
2006-06-17,36
2006-06-18,33
2006-06-19,46
2006-06-20,29
2006-06-21,51
2006-06-22,49
2006-06-23,43
2006-06-24,45
2006-06-25,42
2006-06-26,73
2006-06-27,42
2006-06-28,50
2006-06-29,44
2006-06-30,42
2006-07-01,40
2006-07-02,36
2006-07-03,46
2006-07-04,27
2006-07-05,45
2006-07-06,63
2006-07-07,39
2006-07-08,44
2006-07-09,27
2006-07-10,44
2006-07-11,46
2006-07-12,49
2006-07-13,59
2006-07-14,44
2006-07-15,63
2006-07-16,38
2006-07-17,41
2006-07-18,45
2006-07-19,44
2006-07-20,62
2006-07-21,59
2006-07-22,50
2006-07-23,32
2006-07-24,46
2006-07-25,54
2006-07-26,57
2006-07-27,69
2006-07-28,43
2006-07-29,58
2006-07-30,58
2006-07-31,40
2006-08-01,53
2006-08-02,46
2006-08-03,59
2006-08-04,58
2006-08-05,63
2006-08-06,37
2006-08-07,59
2006-08-08,62
2006-08-09,50
2006-08-10,47
2006-08-11,60
2006-08-12,54
2006-08-13,47
2006-08-14,72
2006-08-15,66
2006-08-16,56
2006-08-17,41
2006-08-18,53
2006-08-19,49
2006-08-20,53
2006-08-21,64
2006-08-22,63
2006-08-23,62
2006-08-24,48
2006-08-25,40
2006-08-26,32
2006-08-27,46
2006-08-28,57
2006-08-29,56
2006-08-30,51
2006-08-31,40
2006-09-01,64
2006-09-02,41
2006-09-03,41
2006-09-04,53
2006-09-05,48
2006-09-06,59
2006-09-07,54
2006-09-08,40
2006-09-09,40
2006-09-10,34
2006-09-11,52
2006-09-12,59
2006-09-13,59
2006-09-14,64
2006-09-15,45
2006-09-16,29
2006-09-17,54
2006-09-18,63
2006-09-19,63
2006-09-20,34
2006-09-21,62
2006-09-22,42
2006-09-23,44
2006-09-24,71
2006-09-25,66
2006-09-26,48
2006-09-27,53
2006-09-28,51
2006-09-29,48
2006-09-30,55
2006-10-01,63
2006-10-02,57
2006-10-03,45
2006-10-04,40
2006-10-05,68
2006-10-06,51
2006-10-07,53
2006-10-08,62
2006-10-09,57
2006-10-10,53
2006-10-11,71
2006-10-12,48
2006-10-13,60
2006-10-14,64
2006-10-15,39
2006-10-16,64
2006-10-17,65
2006-10-18,55
2006-10-19,43
2006-10-20,51
2006-10-21,40
2006-10-22,51
2006-10-23,74
2006-10-24,53
2006-10-25,52
2006-10-26,49
2006-10-27,59
2006-10-28,46
2006-10-29,42
2006-10-30,66
2006-10-31,50
2006-11-01,66
2006-11-02,68
2006-11-03,53
2006-11-04,58
2006-11-05,43
2006-11-06,62
2006-11-07,63
2006-11-08,76
2006-11-09,59
2006-11-10,54
2006-11-11,50
2006-11-12,71
2006-11-13,57
2006-11-14,78
2006-11-15,60
2006-11-16,70
2006-11-17,57
2006-11-18,52
2006-11-19,56
2006-11-20,66
2006-11-21,52
2006-11-22,65
2006-11-23,59
2006-11-24,73
2006-11-25,75
2006-11-26,70
2006-11-27,70
2006-11-28,83
2006-11-29,94
2006-11-30,86
2006-12-01,67
2006-12-02,76
2006-12-03,82
2006-12-04,88
2006-12-05,69
2006-12-06,88
2006-12-07,84
2006-12-08,100
2006-12-09,89
2006-12-10,58
2006-12-11,81
2006-12-12,79
2006-12-13,75
2006-12-14,90
2006-12-15,82
2006-12-16,48
2006-12-17,69
2006-12-18,91
2006-12-19,89
2006-12-20,76
2006-12-21,61
2006-12-22,60
2006-12-23,59
2006-12-24,45
2006-12-25,29
2006-12-26,72
2006-12-27,96
2006-12-28,72
2006-12-29,77
2006-12-30,49
2006-12-31,43
2007-01-01,99
2007-01-02,86
2007-01-03,70
2007-01-04,96
2007-01-05,84
2007-01-06,79
2007-01-07,92
2007-01-08,55
2007-01-09,69
2007-01-10,66
2007-01-11,68
2007-01-12,57
2007-01-13,62
2007-01-14,49
2007-01-15,79
2007-01-16,57
2007-01-17,73
2007-01-18,65
2007-01-19,51
2007-01-20,83
2007-01-21,63
2007-01-22,87
2007-01-23,63
2007-01-24,58
2007-01-25,71
2007-01-26,56
2007-01-27,58
2007-01-28,65
2007-01-29,46
2007-01-30,66
2007-01-31,92
2007-02-01,100
2007-02-02,63
2007-02-03,65
2007-02-04,67
2007-02-05,67
2007-02-06,49
2007-02-07,67
2007-02-08,60
2007-02-09,61
2007-02-10,77
2007-02-11,81
2007-02-12,52
2007-02-13,77
2007-02-14,61
2007-02-15,56
2007-02-16,84
2007-02-17,67
2007-02-18,69
2007-02-19,69
2007-02-20,71
2007-02-21,53
2007-02-22,84
2007-02-23,74
2007-02-24,53
2007-02-25,78
2007-02-26,58
2007-02-27,69
2007-02-28,67
2007-03-01,78
2007-03-02,47
2007-03-03,53
2007-03-04,74
2007-03-05,84
2007-03-06,76
2007-03-07,52
2007-03-08,55
2007-03-09,69
2007-03-10,70
2007-03-11,63
2007-03-12,77
2007-03-13,73
2007-03-14,57
2007-03-15,53
2007-03-16,63
2007-03-17,51
2007-03-18,59
2007-03-19,77
2007-03-20,52
2007-03-21,56
2007-03-22,57
2007-03-23,58
2007-03-24,70
2007-03-25,67
2007-03-26,65
2007-03-27,55
2007-03-28,64
2007-03-29,55
2007-03-30,77
2007-03-31,56
2007-04-01,66
2007-04-02,89
2007-04-03,74
2007-04-04,66
2007-04-05,65
2007-04-06,36
2007-04-07,50
2007-04-08,47
2007-04-09,58
2007-04-10,70
2007-04-11,58
2007-04-12,63
2007-04-13,66
2007-04-14,73
2007-04-15,50
2007-04-16,65
2007-04-17,68
2007-04-18,59
2007-04-19,56
2007-04-20,54
2007-04-21,60
2007-04-22,44
2007-04-23,74
2007-04-24,58
2007-04-25,78
2007-04-26,67
2007-04-27,66
2007-04-28,37
2007-04-29,59
2007-04-30,66
2007-05-01,73
2007-05-02,52
2007-05-03,53
2007-05-04,72
2007-05-05,54
2007-05-06,57
2007-05-07,77
2007-05-08,58
2007-05-09,73
2007-05-10,69
2007-05-11,55
2007-05-12,47
2007-05-13,64
2007-05-14,67
2007-05-15,59
2007-05-16,84
2007-05-17,53
2007-05-18,79
2007-05-19,71
2007-05-20,59
2007-05-21,51
2007-05-22,74
2007-05-23,46
2007-05-24,69
2007-05-25,70
2007-05-26,59
2007-05-27,64
2007-05-28,45
2007-05-29,60
2007-05-30,56
2007-05-31,77
2007-06-01,38
2007-06-02,50
2007-06-03,43
2007-06-04,52
2007-06-05,46
2007-06-06,46
2007-06-07,51
2007-06-08,50
2007-06-09,39
2007-06-10,53
2007-06-11,63
2007-06-12,58
2007-06-13,63
2007-06-14,46
2007-06-15,52
2007-06-16,47
2007-06-17,37
2007-06-18,60
2007-06-19,62
2007-06-20,57
2007-06-21,45
2007-06-22,42
2007-06-23,36
2007-06-24,51
2007-06-25,50
2007-06-26,49
2007-06-27,52
2007-06-28,43
2007-06-29,50
2007-06-30,46
2007-07-01,41
2007-07-02,54
2007-07-03,61
2007-07-04,40
2007-07-05,53
2007-07-06,42
2007-07-07,63
2007-07-08,50
2007-07-09,56
2007-07-10,55
2007-07-11,69
2007-07-12,55
2007-07-13,53
2007-07-14,58
2007-07-15,37
2007-07-16,54
2007-07-17,68
2007-07-18,69
2007-07-19,40
2007-07-20,67
2007-07-21,54
2007-07-22,52
2007-07-23,55
2007-07-24,58
2007-07-25,56
2007-07-26,48
2007-07-27,52
2007-07-28,58
2007-07-29,77
2007-07-30,51
2007-07-31,63
2007-08-01,64
2007-08-02,61
2007-08-03,46
2007-08-04,37
2007-08-05,45
2007-08-06,64
2007-08-07,72
2007-08-08,61
2007-08-09,62
2007-08-10,68
2007-08-11,59
2007-08-12,43
2007-08-13,59
2007-08-14,69
2007-08-15,57
2007-08-16,56
2007-08-17,59
2007-08-18,54
2007-08-19,44
2007-08-20,57
2007-08-21,54
2007-08-22,52
2007-08-23,56
2007-08-24,64
2007-08-25,58
2007-08-26,58
2007-08-27,68
2007-08-28,65
2007-08-29,62
2007-08-30,57
2007-08-31,67
2007-09-01,51
2007-09-02,59
2007-09-03,43
2007-09-04,56
2007-09-05,60
2007-09-06,52
2007-09-07,57
2007-09-08,54
2007-09-09,41
2007-09-10,53
2007-09-11,58
2007-09-12,58
2007-09-13,59
2007-09-14,58
2007-09-15,42
2007-09-16,45
2007-09-17,64
2007-09-18,50
2007-09-19,56
2007-09-20,67
2007-09-21,60
2007-09-22,60
2007-09-23,68
2007-09-24,61
2007-09-25,64
2007-09-26,64
2007-09-27,53
2007-09-28,53
2007-09-29,52
2007-09-30,42
2007-10-01,73
2007-10-02,75
2007-10-03,65
2007-10-04,68
2007-10-05,61
2007-10-06,49
2007-10-07,51
2007-10-08,61
2007-10-09,62
2007-10-10,69
2007-10-11,53
2007-10-12,47
2007-10-13,50
2007-10-14,58
2007-10-15,68
2007-10-16,62
2007-10-17,72
2007-10-18,47
2007-10-19,63
2007-10-20,57
2007-10-21,61
2007-10-22,59
2007-10-23,53
2007-10-24,65
2007-10-25,68
2007-10-26,66
2007-10-27,63
2007-10-28,55
2007-10-29,78
2007-10-30,70
2007-10-31,55
2007-11-01,73
2007-11-02,60
2007-11-03,67
2007-11-04,58
2007-11-05,60
2007-11-06,56
2007-11-07,51
2007-11-08,77
2007-11-09,50
2007-11-10,56
2007-11-11,62
2007-11-12,60
2007-11-13,71
2007-11-14,82
2007-11-15,74
2007-11-16,83
2007-11-17,69
2007-11-18,71
2007-11-19,81
2007-11-20,100
2007-11-21,84
2007-11-22,60
2007-11-23,86
2007-11-24,63
2007-11-25,82
2007-11-26,76
2007-11-27,87
2007-11-28,88
2007-11-29,73
2007-11-30,88
2007-12-01,65
2007-12-02,69
2007-12-03,83
2007-12-04,78
2007-12-05,93
2007-12-06,88
2007-12-07,87
2007-12-08,82
2007-12-09,80
2007-12-10,100
2007-12-11,88
2007-12-12,91
2007-12-13,98
2007-12-14,88
2007-12-15,77
2007-12-16,89
2007-12-17,95
2007-12-18,80
2007-12-19,86
2007-12-20,93
2007-12-21,74
2007-12-22,80
2007-12-23,58
2007-12-24,66
2007-12-25,56
2007-12-26,86
2007-12-27,87
2007-12-28,79
2007-12-29,69
2007-12-30,70
2007-12-31,92
2008-01-01,89
2008-01-02,98
2008-01-03,100
2008-01-04,97
2008-01-05,81
2008-01-06,78
2008-01-07,89
2008-01-08,90
2008-01-09,81
2008-01-10,83
2008-01-11,91
2008-01-12,84
2008-01-13,92
2008-01-14,84
2008-01-15,94
2008-01-16,90
2008-01-17,76
2008-01-18,64
2008-01-19,71
2008-01-20,70
2008-01-21,86
2008-01-22,82
2008-01-23,78
2008-01-24,63
2008-01-25,82
2008-01-26,64
2008-01-27,82
2008-01-28,78
2008-01-29,89
2008-01-30,81
2008-01-31,67
2008-02-01,76
2008-02-02,69
2008-02-03,68
2008-02-04,81
2008-02-05,68
2008-02-06,85
2008-02-07,72
2008-02-08,65
2008-02-09,80
2008-02-10,58
2008-02-11,75
2008-02-12,76
2008-02-13,73
2008-02-14,61
2008-02-15,73
2008-02-16,64
2008-02-17,66
2008-02-18,82
2008-02-19,80
2008-02-20,70
2008-02-21,60
2008-02-22,72
2008-02-23,67
2008-02-24,53
2008-02-25,80
2008-02-26,75
2008-02-27,84
2008-02-28,97
2008-02-29,72
2008-03-01,75
2008-03-02,62
2008-03-03,53
2008-03-04,65
2008-03-05,60
2008-03-06,68
2008-03-07,74
2008-03-08,49
2008-03-09,57
2008-03-10,87
2008-03-11,71
2008-03-12,68
2008-03-13,68
2008-03-14,66
2008-03-15,64
2008-03-16,66
2008-03-17,81
2008-03-18,95
2008-03-19,68
2008-03-20,70
2008-03-21,67
2008-03-22,54
2008-03-23,54
2008-03-24,64
2008-03-25,81
2008-03-26,79
2008-03-27,59
2008-03-28,60
2008-03-29,61
2008-03-30,61
2008-03-31,97
2008-04-01,67
2008-04-02,72
2008-04-03,80
2008-04-04,58
2008-04-05,67
2008-04-06,59
2008-04-07,91
2008-04-08,67
2008-04-09,72
2008-04-10,66
2008-04-11,64
2008-04-12,67
2008-04-13,69
2008-04-14,65
2008-04-15,87
2008-04-16,79
2008-04-17,67
2008-04-18,63
2008-04-19,82
2008-04-20,51
2008-04-21,67
2008-04-22,54
2008-04-23,68
2008-04-24,77
2008-04-25,79
2008-04-26,66
2008-04-27,58
2008-04-28,64
2008-04-29,68
2008-04-30,66
2008-05-01,72
2008-05-02,79
2008-05-03,65
2008-05-04,60
2008-05-05,65
2008-05-06,78
2008-05-07,70
2008-05-08,61
2008-05-09,62
2008-05-10,57
2008-05-11,76
2008-05-12,61
2008-05-13,84
2008-05-14,60
2008-05-15,79
2008-05-16,73
2008-05-17,63
2008-05-18,60
2008-05-19,74
2008-05-20,53
2008-05-21,72
2008-05-22,70
2008-05-23,73
2008-05-24,56
2008-05-25,54
2008-05-26,68
2008-05-27,76
2008-05-28,68
2008-05-29,53
2008-05-30,73
2008-05-31,60
2008-06-01,37
2008-06-02,58
2008-06-03,51
2008-06-04,36
2008-06-05,44
2008-06-06,39
2008-06-07,40
2008-06-08,37
2008-06-09,49
2008-06-10,50
2008-06-11,37
2008-06-12,40
2008-06-13,43
2008-06-14,41
2008-06-15,35
2008-06-16,42
2008-06-17,37
2008-06-18,47
2008-06-19,37
2008-06-20,37
2008-06-21,42
2008-06-22,41
2008-06-23,40
2008-06-24,44
2008-06-25,43
2008-06-26,42
2008-06-27,55
2008-06-28,38
2008-06-29,39
2008-06-30,57
2008-07-01,44
2008-07-02,41
2008-07-03,53
2008-07-04,42
2008-07-05,44
2008-07-06,39
2008-07-07,46
2008-07-08,35
2008-07-09,46
2008-07-10,44
2008-07-11,41
2008-07-12,43
2008-07-13,44
2008-07-14,44
2008-07-15,47
2008-07-16,43
2008-07-17,49
2008-07-18,41
2008-07-19,48
2008-07-20,39
2008-07-21,47
2008-07-22,51
2008-07-23,40
2008-07-24,51
2008-07-25,50
2008-07-26,44
2008-07-27,40
2008-07-28,46
2008-07-29,48
2008-07-30,46
2008-07-31,56
2008-08-01,40
2008-08-02,35
2008-08-03,36
2008-08-04,53
2008-08-05,43
2008-08-06,49
2008-08-07,43
2008-08-08,54
2008-08-09,38
2008-08-10,47
2008-08-11,37
2008-08-12,52
2008-08-13,52
2008-08-14,44
2008-08-15,47
2008-08-16,39
2008-08-17,39
2008-08-18,45
2008-08-19,51
2008-08-20,41
2008-08-21,42
2008-08-22,44
2008-08-23,39
2008-08-24,39
2008-08-25,49
2008-08-26,50
2008-08-27,56
2008-08-28,49
2008-08-29,55
2008-08-30,45
2008-08-31,42
2008-09-01,54
2008-09-02,41
2008-09-03,45
2008-09-04,47
2008-09-05,50
2008-09-06,48
2008-09-07,43
2008-09-08,57
2008-09-09,57
2008-09-10,47
2008-09-11,46
2008-09-12,47
2008-09-13,43
2008-09-14,55
2008-09-15,55
2008-09-16,49
2008-09-17,53
2008-09-18,48
2008-09-19,55
2008-09-20,44
2008-09-21,42
2008-09-22,47
2008-09-23,52
2008-09-24,49
2008-09-25,50
2008-09-26,56
2008-09-27,32
2008-09-28,38
2008-09-29,46
2008-09-30,59
2008-10-01,50
2008-10-02,58
2008-10-03,55
2008-10-04,48
2008-10-05,51
2008-10-06,61
2008-10-07,57
2008-10-08,55
2008-10-09,42
2008-10-10,51
2008-10-11,55
2008-10-12,63
2008-10-13,55
2008-10-14,51
2008-10-15,62
2008-10-16,45
2008-10-17,44
2008-10-18,53
2008-10-19,44
2008-10-20,47
2008-10-21,51
2008-10-22,45
2008-10-23,54
2008-10-24,59
2008-10-25,47
2008-10-26,44
2008-10-27,60
2008-10-28,55
2008-10-29,49
2008-10-30,64
2008-10-31,46
2008-11-01,50
2008-11-02,50
2008-11-03,54
2008-11-04,48
2008-11-05,48
2008-11-06,61
2008-11-07,54
2008-11-08,52
2008-11-09,41
2008-11-10,62
2008-11-11,58
2008-11-12,52
2008-11-13,60
2008-11-14,71
2008-11-15,50
2008-11-16,53
2008-11-17,68
2008-11-18,53
2008-11-19,53
2008-11-20,72
2008-11-21,60
2008-11-22,55
2008-11-23,59
2008-11-24,74
2008-11-25,78
2008-11-26,75
2008-11-27,63
2008-11-28,85
2008-11-29,69
2008-11-30,74
2008-12-01,81
2008-12-02,85
2008-12-03,77
2008-12-04,92
2008-12-05,84
2008-12-06,81
2008-12-07,69
2008-12-08,95
2008-12-09,94
2008-12-10,84
2008-12-11,83
2008-12-12,86
2008-12-13,87
2008-12-14,83
2008-12-15,78
2008-12-16,94
2008-12-17,100
2008-12-18,82
2008-12-19,82
2008-12-20,66
2008-12-21,81
2008-12-22,73
2008-12-23,58
2008-12-24,67
2008-12-25,52
2008-12-26,69
2008-12-27,74
2008-12-28,65
2008-12-29,92
2008-12-30,79
2008-12-31,74
2009-01-01,80
2009-01-02,100
2009-01-03,70
2009-01-04,87
2009-01-05,94
2009-01-06,84
2009-01-07,86
2009-01-08,85
2009-01-09,82
2009-01-10,77
2009-01-11,73
2009-01-12,75
2009-01-13,83
2009-01-14,81
2009-01-15,71
2009-01-16,75
2009-01-17,75
2009-01-18,73
2009-01-19,75
2009-01-20,68
2009-01-21,82
2009-01-22,71
2009-01-23,75
2009-01-24,65
2009-01-25,75
2009-01-26,81
2009-01-27,72
2009-01-28,78
2009-01-29,77
2009-01-30,75
2009-01-31,71
2009-02-01,70
2009-02-02,70
2009-02-03,78
2009-02-04,79
2009-02-05,75
2009-02-06,72
2009-02-07,68
2009-02-08,72
2009-02-09,72
2009-02-10,62
2009-02-11,75
2009-02-12,65
2009-02-13,69
2009-02-14,62
2009-02-15,69
2009-02-16,80
2009-02-17,61
2009-02-18,67
2009-02-19,70
2009-02-20,71
2009-02-21,75
2009-02-22,63
2009-02-23,82
2009-02-24,83
2009-02-25,70
2009-02-26,73
2009-02-27,77
2009-02-28,72
2009-03-01,65
2009-03-02,70
2009-03-03,62
2009-03-04,71
2009-03-05,69
2009-03-06,66
2009-03-07,64
2009-03-08,75
2009-03-09,72
2009-03-10,66
2009-03-11,68
2009-03-12,60
2009-03-13,68
2009-03-14,72
2009-03-15,63
2009-03-16,58
2009-03-17,73
2009-03-18,59
2009-03-19,68
2009-03-20,67
2009-03-21,53
2009-03-22,64
2009-03-23,63
2009-03-24,63
2009-03-25,72
2009-03-26,66
2009-03-27,69
2009-03-28,59
2009-03-29,57
2009-03-30,62
2009-03-31,63
2009-04-01,63
2009-04-02,69
2009-04-03,61
2009-04-04,59
2009-04-05,62
2009-04-06,72
2009-04-07,62
2009-04-08,64
2009-04-09,65
2009-04-10,64
2009-04-11,56
2009-04-12,51
2009-04-13,73
2009-04-14,69
2009-04-15,65
2009-04-16,67
2009-04-17,65
2009-04-18,58
2009-04-19,55
2009-04-20,64
2009-04-21,64
2009-04-22,61
2009-04-23,62
2009-04-24,59
2009-04-25,57
2009-04-26,54
2009-04-27,58
2009-04-28,60
2009-04-29,62
2009-04-30,64
2009-05-01,67
2009-05-02,55
2009-05-03,61
2009-05-04,61
2009-05-05,68
2009-05-06,62
2009-05-07,58
2009-05-08,66
2009-05-09,59
2009-05-10,53
2009-05-11,65
2009-05-12,67
2009-05-13,64
2009-05-14,65
2009-05-15,61
2009-05-16,58
2009-05-17,58
2009-05-18,66
2009-05-19,59
2009-05-20,62
2009-05-21,58
2009-05-22,64
2009-05-23,51
2009-05-24,55
2009-05-25,59
2009-05-26,62
2009-05-27,61
2009-05-28,69
2009-05-29,53
2009-05-30,53
2009-05-31,52
2009-06-01,42
2009-06-02,45
2009-06-03,45
2009-06-04,41
2009-06-05,36
2009-06-06,44
2009-06-07,30
2009-06-08,48
2009-06-09,46
2009-06-10,37
2009-06-11,44
2009-06-12,46
2009-06-13,31
2009-06-14,48
2009-06-15,49
2009-06-16,47
2009-06-17,44
2009-06-18,43
2009-06-19,45
2009-06-20,38
2009-06-21,38
2009-06-22,50
2009-06-23,38
2009-06-24,40
2009-06-25,37
2009-06-26,38
2009-06-27,43
2009-06-28,36
2009-06-29,40
2009-06-30,41
2009-07-01,50
2009-07-02,41
2009-07-03,37
2009-07-04,34
2009-07-05,36
2009-07-06,50
2009-07-07,51
2009-07-08,37
2009-07-09,48
2009-07-10,38
2009-07-11,43
2009-07-12,42
2009-07-13,43
2009-07-14,46
2009-07-15,48
2009-07-16,36
2009-07-17,41
2009-07-18,40
2009-07-19,38
2009-07-20,49
2009-07-21,49
2009-07-22,45
2009-07-23,52
2009-07-24,44
2009-07-25,43
2009-07-26,44
2009-07-27,46
2009-07-28,48
2009-07-29,50
2009-07-30,48
2009-07-31,51
2009-08-01,40
2009-08-02,48
2009-08-03,45
2009-08-04,48
2009-08-05,48
2009-08-06,43
2009-08-07,47
2009-08-08,41
2009-08-09,33
2009-08-10,57
2009-08-11,44
2009-08-12,45
2009-08-13,44
2009-08-14,40
2009-08-15,41
2009-08-16,54
2009-08-17,46
2009-08-18,53
2009-08-19,55
2009-08-20,43
2009-08-21,49
2009-08-22,44
2009-08-23,54
2009-08-24,50
2009-08-25,50
2009-08-26,50
2009-08-27,44
2009-08-28,45
2009-08-29,39
2009-08-30,47
2009-08-31,58
2009-09-01,47
2009-09-02,54
2009-09-03,54
2009-09-04,44
2009-09-05,43
2009-09-06,45
2009-09-07,49
2009-09-08,53
2009-09-09,51
2009-09-10,42
2009-09-11,47
2009-09-12,43
2009-09-13,47
2009-09-14,47
2009-09-15,55
2009-09-16,47
2009-09-17,40
2009-09-18,45
2009-09-19,46
2009-09-20,37
2009-09-21,44
2009-09-22,48
2009-09-23,52
2009-09-24,46
2009-09-25,49
2009-09-26,37
2009-09-27,41
2009-09-28,55
2009-09-29,56
2009-09-30,38
2009-10-01,50
2009-10-02,48
2009-10-03,42
2009-10-04,53
2009-10-05,57
2009-10-06,49
2009-10-07,48
2009-10-08,49
2009-10-09,44
2009-10-10,50
2009-10-11,43
2009-10-12,50
2009-10-13,57
2009-10-14,51
2009-10-15,57
2009-10-16,53
2009-10-17,40
2009-10-18,46
2009-10-19,60
2009-10-20,50
2009-10-21,50
2009-10-22,51
2009-10-23,62
2009-10-24,50
2009-10-25,53
2009-10-26,62
2009-10-27,57
2009-10-28,60
2009-10-29,60
2009-10-30,48
2009-10-31,46
2009-11-01,54
2009-11-02,52
2009-11-03,58
2009-11-04,56
2009-11-05,53
2009-11-06,48
2009-11-07,53
2009-11-08,56
2009-11-09,60
2009-11-10,60
2009-11-11,63
2009-11-12,57
2009-11-13,62
2009-11-14,55
2009-11-15,55
2009-11-16,67
2009-11-17,66
2009-11-18,58
2009-11-19,71
2009-11-20,62
2009-11-21,66
2009-11-22,65
2009-11-23,79
2009-11-24,75
2009-11-25,71
2009-11-26,65
2009-11-27,83
2009-11-28,79
2009-11-29,81
2009-11-30,86
2009-12-01,96
2009-12-02,90
2009-12-03,83
2009-12-04,73
2009-12-05,69
2009-12-06,78
2009-12-07,91
2009-12-08,86
2009-12-09,85
2009-12-10,83
2009-12-11,79
2009-12-12,80
2009-12-13,74
2009-12-14,100
2009-12-15,86
2009-12-16,84
2009-12-17,85
2009-12-18,83
2009-12-19,70
2009-12-20,65
2009-12-21,85
2009-12-22,69
2009-12-23,59
2009-12-24,50
2009-12-25,47
2009-12-26,66
2009-12-27,72
2009-12-28,80
2009-12-29,79
2009-12-30,67
2009-12-31,68
2010-01-01,88
2010-01-02,99
2010-01-03,81
2010-01-04,94
2010-01-05,91
2010-01-06,96
2010-01-07,79
2010-01-08,81
2010-01-09,69
2010-01-10,89
2010-01-11,100
2010-01-12,82
2010-01-13,90
2010-01-14,82
2010-01-15,86
2010-01-16,83
2010-01-17,81
2010-01-18,77
2010-01-19,80
2010-01-20,75
2010-01-21,77
2010-01-22,78
2010-01-23,66
2010-01-24,79
2010-01-25,74
2010-01-26,83
2010-01-27,87
2010-01-28,92
2010-01-29,77
2010-01-30,68
2010-01-31,86
2010-02-01,75
2010-02-02,80
2010-02-03,87
2010-02-04,72
2010-02-05,75
2010-02-06,75
2010-02-07,84
2010-02-08,87
2010-02-09,67
2010-02-10,69
2010-02-11,71
2010-02-12,66
2010-02-13,72
2010-02-14,77
2010-02-15,78
2010-02-16,82
2010-02-17,79
2010-02-18,74
2010-02-19,78
2010-02-20,64
2010-02-21,71
2010-02-22,78
2010-02-23,80
2010-02-24,86
2010-02-25,80
2010-02-26,75
2010-02-27,76
2010-02-28,72
2010-03-01,80
2010-03-02,84
2010-03-03,81
2010-03-04,72
2010-03-05,66
2010-03-06,71
2010-03-07,74
2010-03-08,82
2010-03-09,80
2010-03-10,77
2010-03-11,64
2010-03-12,73
2010-03-13,60
2010-03-14,73
2010-03-15,65
2010-03-16,70
2010-03-17,72
2010-03-18,76
2010-03-19,65
2010-03-20,69
2010-03-21,67
2010-03-22,88
2010-03-23,82
2010-03-24,76
2010-03-25,76
2010-03-26,62
2010-03-27,74
2010-03-28,73
2010-03-29,93
2010-03-30,76
2010-03-31,77
2010-04-01,79
2010-04-02,74
2010-04-03,60
2010-04-04,70
2010-04-05,78
2010-04-06,81
2010-04-07,72
2010-04-08,70
2010-04-09,71
2010-04-10,57
2010-04-11,59
2010-04-12,83
2010-04-13,71
2010-04-14,79
2010-04-15,75
2010-04-16,63
2010-04-17,64
2010-04-18,56
2010-04-19,64
2010-04-20,68
2010-04-21,71
2010-04-22,78
2010-04-23,64
2010-04-24,48
2010-04-25,72
2010-04-26,72
2010-04-27,65
2010-04-28,74
2010-04-29,83
2010-04-30,73
2010-05-01,61
2010-05-02,77
2010-05-03,77
2010-05-04,72
2010-05-05,72
2010-05-06,77
2010-05-07,67
2010-05-08,66
2010-05-09,62
2010-05-10,86
2010-05-11,71
2010-05-12,58
2010-05-13,68
2010-05-14,65
2010-05-15,67
2010-05-16,65
2010-05-17,66
2010-05-18,66
2010-05-19,68
2010-05-20,61
2010-05-21,70
2010-05-22,61
2010-05-23,64
2010-05-24,70
2010-05-25,66
2010-05-26,66
2010-05-27,65
2010-05-28,64
2010-05-29,55
2010-05-30,62
2010-05-31,55
2010-06-01,40
2010-06-02,39
2010-06-03,38
2010-06-04,34
2010-06-05,36
2010-06-06,37
2010-06-07,45
2010-06-08,37
2010-06-09,41
2010-06-10,38
2010-06-11,38
2010-06-12,39
2010-06-13,40
2010-06-14,47
2010-06-15,34
2010-06-16,39
2010-06-17,36
2010-06-18,39
2010-06-19,36
2010-06-20,32
2010-06-21,45
2010-06-22,36
2010-06-23,40
2010-06-24,43
2010-06-25,37
2010-06-26,37
2010-06-27,39
2010-06-28,39
2010-06-29,50
2010-06-30,47
2010-07-01,40
2010-07-02,38
2010-07-03,41
2010-07-04,32
2010-07-05,44
2010-07-06,43
2010-07-07,39
2010-07-08,42
2010-07-09,37
2010-07-10,45
2010-07-11,29
2010-07-12,40
2010-07-13,40
2010-07-14,45
2010-07-15,41
2010-07-16,34
2010-07-17,37
2010-07-18,38
2010-07-19,44
2010-07-20,40
2010-07-21,42
2010-07-22,45
2010-07-23,43
2010-07-24,43
2010-07-25,43
2010-07-26,45
2010-07-27,42
2010-07-28,45
2010-07-29,42
2010-07-30,46
2010-07-31,43
2010-08-01,46
2010-08-02,45
2010-08-03,47
2010-08-04,44
2010-08-05,42
2010-08-06,42
2010-08-07,38
2010-08-08,39
2010-08-09,43
2010-08-10,47
2010-08-11,39
2010-08-12,44
2010-08-13,47
2010-08-14,29
2010-08-15,35
2010-08-16,47
2010-08-17,44
2010-08-18,42
2010-08-19,44
2010-08-20,40
2010-08-21,39
2010-08-22,37
2010-08-23,46
2010-08-24,49
2010-08-25,41
2010-08-26,49
2010-08-27,44
2010-08-28,39
2010-08-29,42
2010-08-30,48
2010-08-31,46
2010-09-01,52
2010-09-02,49
2010-09-03,46
2010-09-04,41
2010-09-05,41
2010-09-06,47
2010-09-07,46
2010-09-08,49
2010-09-09,49
2010-09-10,46
2010-09-11,42
2010-09-12,46
2010-09-13,52
2010-09-14,50
2010-09-15,53
2010-09-16,53
2010-09-17,49
2010-09-18,43
2010-09-19,40
2010-09-20,53
2010-09-21,52
2010-09-22,53
2010-09-23,47
2010-09-24,48
2010-09-25,42
2010-09-26,44
2010-09-27,48
2010-09-28,51
2010-09-29,46
2010-09-30,52
2010-10-01,59
2010-10-02,41
2010-10-03,54
2010-10-04,49
2010-10-05,45
2010-10-06,49
2010-10-07,47
2010-10-08,49
2010-10-09,41
2010-10-10,51
2010-10-11,52
2010-10-12,44
2010-10-13,46
2010-10-14,55
2010-10-15,48
2010-10-16,43
2010-10-17,51
2010-10-18,55
2010-10-19,54
2010-10-20,48
2010-10-21,51
2010-10-22,56
2010-10-23,57
2010-10-24,45
2010-10-25,51
2010-10-26,59
2010-10-27,56
2010-10-28,49
2010-10-29,50
2010-10-30,42
2010-10-31,48
2010-11-01,55
2010-11-02,58
2010-11-03,54
2010-11-04,52
2010-11-05,54
2010-11-06,48
2010-11-07,51
2010-11-08,67
2010-11-09,64
2010-11-10,59
2010-11-11,63
2010-11-12,60
2010-11-13,58
2010-11-14,57
2010-11-15,70
2010-11-16,64
2010-11-17,62
2010-11-18,66
2010-11-19,63
2010-11-20,64
2010-11-21,58
2010-11-22,71
2010-11-23,75
2010-11-24,76
2010-11-25,70
2010-11-26,87
2010-11-27,73
2010-11-28,76
2010-11-29,85
2010-11-30,85
2010-12-01,83
2010-12-02,77
2010-12-03,82
2010-12-04,74
2010-12-05,77
2010-12-06,85
2010-12-07,92
2010-12-08,90
2010-12-09,80
2010-12-10,87
2010-12-11,81
2010-12-12,74
2010-12-13,100
2010-12-14,85
2010-12-15,87
2010-12-16,84
2010-12-17,81
2010-12-18,64
2010-12-19,71
2010-12-20,71
2010-12-21,75
2010-12-22,75
2010-12-23,63
2010-12-24,51
2010-12-25,49
2010-12-26,60
2010-12-27,81
2010-12-28,81
2010-12-29,79
2010-12-30,71
2010-12-31,67
2011-01-01,77
2011-01-02,77
2011-01-03,96
2011-01-04,100
2011-01-05,91
2011-01-06,80
2011-01-07,92
2011-01-08,78
2011-01-09,76
2011-01-10,86
2011-01-11,83
2011-01-12,73
2011-01-13,76
2011-01-14,78
2011-01-15,72
2011-01-16,66
2011-01-17,70
2011-01-18,65
2011-01-19,82
2011-01-20,76
2011-01-21,71
2011-01-22,67
2011-01-23,75
2011-01-24,66
2011-01-25,71
2011-01-26,73
2011-01-27,81
2011-01-28,79
2011-01-29,68
2011-01-30,68
2011-01-31,77
2011-02-01,90
2011-02-02,79
2011-02-03,81
2011-02-04,71
2011-02-05,70
2011-02-06,67
2011-02-07,73
2011-02-08,74
2011-02-09,77
2011-02-10,62
2011-02-11,68
2011-02-12,54
2011-02-13,68
2011-02-14,74
2011-02-15,69
2011-02-16,77
2011-02-17,72
2011-02-18,65
2011-02-19,68
2011-02-20,65
2011-02-21,79
2011-02-22,70
2011-02-23,70
2011-02-24,74
2011-02-25,78
2011-02-26,65
2011-02-27,74
2011-02-28,70
2011-03-01,82
2011-03-02,80
2011-03-03,73
2011-03-04,73
2011-03-05,62
2011-03-06,63
2011-03-07,80
2011-03-08,72
2011-03-09,68
2011-03-10,63
2011-03-11,66
2011-03-12,56
2011-03-13,55
2011-03-14,57
2011-03-15,71
2011-03-16,61
2011-03-17,67
2011-03-18,65
2011-03-19,52
2011-03-20,69
2011-03-21,70
2011-03-22,69
2011-03-23,64
2011-03-24,60
2011-03-25,64
2011-03-26,59
2011-03-27,64
2011-03-28,70
2011-03-29,70
2011-03-30,68
2011-03-31,73
2011-04-01,66
2011-04-02,57
2011-04-03,74
2011-04-04,67
2011-04-05,76
2011-04-06,71
2011-04-07,65
2011-04-08,65
2011-04-09,57
2011-04-10,60
2011-04-11,73
2011-04-12,72
2011-04-13,71
2011-04-14,70
2011-04-15,61
2011-04-16,58
2011-04-17,63
2011-04-18,70
2011-04-19,68
2011-04-20,68
2011-04-21,61
2011-04-22,68
2011-04-23,64
2011-04-24,50
2011-04-25,63
2011-04-26,69
2011-04-27,77
2011-04-28,77
2011-04-29,57
2011-04-30,60
2011-05-01,61
2011-05-02,78
2011-05-03,78
2011-05-04,68
2011-05-05,64
2011-05-06,60
2011-05-07,55
2011-05-08,57
2011-05-09,69
2011-05-10,63
2011-05-11,64
2011-05-12,73
2011-05-13,70
2011-05-14,57
2011-05-15,64
2011-05-16,79
2011-05-17,62
2011-05-18,67
2011-05-19,63
2011-05-20,69
2011-05-21,66
2011-05-22,59
2011-05-23,68
2011-05-24,70
2011-05-25,67
2011-05-26,65
2011-05-27,71
2011-05-28,62
2011-05-29,63
2011-05-30,68
2011-05-31,74
2011-06-01,49
2011-06-02,51
2011-06-03,47
2011-06-04,40
2011-06-05,42
2011-06-06,48
2011-06-07,50
2011-06-08,53
2011-06-09,50
2011-06-10,48
2011-06-11,43
2011-06-12,42
2011-06-13,46
2011-06-14,51
2011-06-15,48
2011-06-16,49
2011-06-17,50
2011-06-18,41
2011-06-19,47
2011-06-20,51
2011-06-21,49
2011-06-22,49
2011-06-23,46
2011-06-24,52
2011-06-25,43
2011-06-26,43
2011-06-27,53
2011-06-28,51
2011-06-29,48
2011-06-30,60
2011-07-01,53
2011-07-02,43
2011-07-03,48
2011-07-04,49
2011-07-05,49
2011-07-06,52
2011-07-07,52
2011-07-08,54
2011-07-09,46
2011-07-10,52
2011-07-11,54
2011-07-12,52
2011-07-13,53
2011-07-14,52
2011-07-15,51
2011-07-16,47
2011-07-17,48
2011-07-18,53
2011-07-19,50
2011-07-20,54
2011-07-21,51
2011-07-22,52
2011-07-23,45
2011-07-24,48
2011-07-25,53
2011-07-26,55
2011-07-27,53
2011-07-28,51
2011-07-29,58
2011-07-30,49
2011-07-31,49
2011-08-01,57
2011-08-02,56
2011-08-03,51
2011-08-04,56
2011-08-05,51
2011-08-06,48
2011-08-07,49
2011-08-08,60
2011-08-09,60
2011-08-10,59
2011-08-11,54
2011-08-12,54
2011-08-13,47
2011-08-14,46
2011-08-15,64
2011-08-16,53
2011-08-17,63
2011-08-18,53
2011-08-19,54
2011-08-20,47
2011-08-21,52
2011-08-22,59
2011-08-23,54
2011-08-24,56
2011-08-25,55
2011-08-26,56
2011-08-27,47
2011-08-28,45
2011-08-29,57
2011-08-30,63
2011-08-31,62
2011-09-01,57
2011-09-02,56
2011-09-03,48
2011-09-04,50
2011-09-05,55
2011-09-06,64
2011-09-07,58
2011-09-08,59
2011-09-09,54
2011-09-10,50
2011-09-11,47
2011-09-12,57
2011-09-13,57
2011-09-14,57
2011-09-15,56
2011-09-16,52
2011-09-17,51
2011-09-18,51
2011-09-19,60
2011-09-20,58
2011-09-21,57
2011-09-22,55
2011-09-23,51
2011-09-24,51
2011-09-25,47
2011-09-26,63
2011-09-27,56
2011-09-28,69
2011-09-29,66
2011-09-30,62
2011-10-01,53
2011-10-02,51
2011-10-03,59
2011-10-04,61
2011-10-05,59
2011-10-06,60
2011-10-07,60
2011-10-08,48
2011-10-09,48
2011-10-10,59
2011-10-11,58
2011-10-12,51
2011-10-13,56
2011-10-14,56
2011-10-15,56
2011-10-16,48
2011-10-17,61
2011-10-18,56
2011-10-19,57
2011-10-20,59
2011-10-21,56
2011-10-22,48
2011-10-23,49
2011-10-24,62
2011-10-25,63
2011-10-26,65
2011-10-27,61
2011-10-28,61
2011-10-29,54
2011-10-30,60
2011-10-31,64
2011-11-01,65
2011-11-02,66
2011-11-03,67
2011-11-04,65
2011-11-05,55
2011-11-06,55
2011-11-07,68
2011-11-08,68
2011-11-09,67
2011-11-10,67
2011-11-11,63
2011-11-12,58
2011-11-13,65
2011-11-14,73
2011-11-15,75
2011-11-16,66
2011-11-17,68
2011-11-18,72
2011-11-19,66
2011-11-20,65
2011-11-21,80
2011-11-22,74
2011-11-23,81
2011-11-24,70
2011-11-25,88
2011-11-26,75
2011-11-27,76
2011-11-28,97
2011-11-29,88
2011-11-30,88
2011-12-01,90
2011-12-02,85
2011-12-03,79
2011-12-04,77
2011-12-05,96
2011-12-06,91
2011-12-07,87
2011-12-08,90
2011-12-09,89
2011-12-10,78
2011-12-11,80
2011-12-12,93
2011-12-13,97
2011-12-14,92
2011-12-15,93
2011-12-16,88
2011-12-17,79
2011-12-18,79
2011-12-19,100
2011-12-20,89
2011-12-21,81
2011-12-22,75
2011-12-23,71
2011-12-24,55
2011-12-25,58
2011-12-26,74
2011-12-27,87
2011-12-28,82
2011-12-29,80
2011-12-30,84
2011-12-31,57
2012-01-01,74
2012-01-02,93
2012-01-03,98
2012-01-04,100
2012-01-05,87
2012-01-06,82
2012-01-07,80
2012-01-08,78
2012-01-09,85
2012-01-10,92
2012-01-11,85
2012-01-12,84
2012-01-13,82
2012-01-14,73
2012-01-15,67
2012-01-16,82
2012-01-17,88
2012-01-18,89
2012-01-19,77
2012-01-20,77
2012-01-21,68
2012-01-22,77
2012-01-23,87
2012-01-24,81
2012-01-25,79
2012-01-26,78
2012-01-27,84
2012-01-28,77
2012-01-29,74
2012-01-30,92
2012-01-31,88
2012-02-01,94
2012-02-02,83
2012-02-03,81
2012-02-04,74
2012-02-05,70
2012-02-06,78
2012-02-07,81
2012-02-08,76
2012-02-09,74
2012-02-10,73
2012-02-11,73
2012-02-12,72
2012-02-13,79
2012-02-14,72
2012-02-15,76
2012-02-16,73
2012-02-17,73
2012-02-18,71
2012-02-19,63
2012-02-20,75
2012-02-21,73
2012-02-22,78
2012-02-23,74
2012-02-24,70
2012-02-25,71
2012-02-26,63
2012-02-27,79
2012-02-28,75
2012-02-29,83
2012-03-01,69
2012-03-02,75
2012-03-03,65
2012-03-04,73
2012-03-05,77
2012-03-06,77
2012-03-07,77
2012-03-08,68
2012-03-09,74
2012-03-10,71
2012-03-11,64
2012-03-12,78
2012-03-13,72
2012-03-14,67
2012-03-15,81
2012-03-16,69
2012-03-17,65
2012-03-18,64
2012-03-19,74
2012-03-20,80
2012-03-21,73
2012-03-22,68
2012-03-23,67
2012-03-24,57
2012-03-25,63
2012-03-26,73
2012-03-27,69
2012-03-28,69
2012-03-29,64
2012-03-30,61
2012-03-31,62
2012-04-01,64
2012-04-02,71
2012-04-03,72
2012-04-04,69
2012-04-05,69
2012-04-06,66
2012-04-07,59
2012-04-08,54
2012-04-09,58
2012-04-10,77
2012-04-11,71
2012-04-12,66
2012-04-13,68
2012-04-14,60
2012-04-15,56
2012-04-16,68
2012-04-17,64
2012-04-18,67
2012-04-19,62
2012-04-20,67
2012-04-21,55
2012-04-22,58
2012-04-23,74
2012-04-24,67
2012-04-25,68
2012-04-26,68
2012-04-27,79
2012-04-28,62
2012-04-29,65
2012-04-30,71
2012-05-01,72
2012-05-02,75
2012-05-03,68
2012-05-04,65
2012-05-05,58
2012-05-06,59
2012-05-07,74
2012-05-08,74
2012-05-09,72
2012-05-10,63
2012-05-11,66
2012-05-12,50
2012-05-13,58
2012-05-14,71
2012-05-15,73
2012-05-16,68
2012-05-17,64
2012-05-18,71
2012-05-19,58
2012-05-20,57
2012-05-21,64
2012-05-22,63
2012-05-23,67
2012-05-24,60
2012-05-25,60
2012-05-26,50
2012-05-27,55
2012-05-28,59
2012-05-29,61
2012-05-30,70
2012-05-31,67
2012-06-01,44
2012-06-02,40
2012-06-03,41
2012-06-04,45
2012-06-05,44
2012-06-06,46
2012-06-07,43
2012-06-08,43
2012-06-09,39
2012-06-10,42
2012-06-11,46
2012-06-12,48
2012-06-13,47
2012-06-14,46
2012-06-15,45
2012-06-16,37
2012-06-17,42
2012-06-18,49
2012-06-19,46
2012-06-20,46
2012-06-21,44
2012-06-22,43
2012-06-23,42
2012-06-24,44
2012-06-25,47
2012-06-26,50
2012-06-27,46
2012-06-28,49
2012-06-29,48
2012-06-30,45
2012-07-01,46
2012-07-02,50
2012-07-03,51
2012-07-04,43
2012-07-05,51
2012-07-06,50
2012-07-07,47
2012-07-08,44
2012-07-09,48
2012-07-10,49
2012-07-11,48
2012-07-12,50
2012-07-13,48
2012-07-14,48
2012-07-15,47
2012-07-16,53
2012-07-17,52
2012-07-18,49
2012-07-19,48
2012-07-20,47
2012-07-21,42
2012-07-22,44
2012-07-23,49
2012-07-24,48
2012-07-25,48
2012-07-26,49
2012-07-27,46
2012-07-28,38
2012-07-29,41
2012-07-30,55
2012-07-31,51
2012-08-01,46
2012-08-02,52
2012-08-03,46
2012-08-04,41
2012-08-05,44
2012-08-06,51
2012-08-07,52
2012-08-08,46
2012-08-09,47
2012-08-10,46
2012-08-11,44
2012-08-12,41
2012-08-13,53
2012-08-14,51
2012-08-15,54
2012-08-16,50
2012-08-17,49
2012-08-18,47
2012-08-19,45
2012-08-20,55
2012-08-21,57
2012-08-22,51
2012-08-23,51
2012-08-24,48
2012-08-25,48
2012-08-26,45
2012-08-27,54
2012-08-28,58
2012-08-29,55
2012-08-30,53
2012-08-31,53
2012-09-01,47
2012-09-02,46
2012-09-03,56
2012-09-04,55
2012-09-05,53
2012-09-06,60
2012-09-07,58
2012-09-08,47
2012-09-09,47
2012-09-10,58
2012-09-11,57
2012-09-12,55
2012-09-13,55
2012-09-14,57
2012-09-15,50
2012-09-16,51
2012-09-17,60
2012-09-18,54
2012-09-19,52
2012-09-20,54
2012-09-21,51
2012-09-22,45
2012-09-23,50
2012-09-24,55
2012-09-25,55
2012-09-26,59
2012-09-27,54
2012-09-28,54
2012-09-29,49
2012-09-30,50
2012-10-01,58
2012-10-02,53
2012-10-03,53
2012-10-04,59
2012-10-05,57
2012-10-06,47
2012-10-07,45
2012-10-08,59
2012-10-09,60
2012-10-10,57
2012-10-11,55
2012-10-12,57
2012-10-13,52
2012-10-14,44
2012-10-15,63
2012-10-16,55
2012-10-17,55
2012-10-18,57
2012-10-19,54
2012-10-20,50
2012-10-21,45
2012-10-22,57
2012-10-23,55
2012-10-24,57
2012-10-25,58
2012-10-26,57
2012-10-27,47
2012-10-28,47
2012-10-29,63
2012-10-30,60
2012-10-31,58
2012-11-01,61
2012-11-02,63
2012-11-03,52
2012-11-04,54
2012-11-05,67
2012-11-06,57
2012-11-07,60
2012-11-08,63
2012-11-09,61
2012-11-10,58
2012-11-11,56
2012-11-12,68
2012-11-13,69
2012-11-14,71
2012-11-15,74
2012-11-16,69
2012-11-17,64
2012-11-18,63
2012-11-19,73
2012-11-20,73
2012-11-21,73
2012-11-22,75
2012-11-23,84
2012-11-24,72
2012-11-25,83
2012-11-26,99
2012-11-27,92
2012-11-28,85
2012-11-29,88
2012-11-30,91
2012-12-01,74
2012-12-02,81
2012-12-03,99
2012-12-04,92
2012-12-05,91
2012-12-06,90
2012-12-07,83
2012-12-08,79
2012-12-09,74
2012-12-10,91
2012-12-11,94
2012-12-12,95
2012-12-13,95
2012-12-14,91
2012-12-15,83
2012-12-16,77
2012-12-17,100
2012-12-18,97
2012-12-19,88
2012-12-20,75
2012-12-21,71
2012-12-22,57
2012-12-23,57
2012-12-24,57
2012-12-25,61
2012-12-26,80
2012-12-27,92
2012-12-28,86
2012-12-29,68
2012-12-30,62
2012-12-31,70
2013-01-01,72
2013-01-02,100
2013-01-03,98
2013-01-04,89
2013-01-05,76
2013-01-06,73
2013-01-07,88
2013-01-08,86
2013-01-09,84
2013-01-10,78
2013-01-11,77
2013-01-12,68
2013-01-13,66
2013-01-14,78
2013-01-15,83
2013-01-16,77
2013-01-17,76
2013-01-18,70
2013-01-19,64
2013-01-20,66
2013-01-21,71
2013-01-22,76
2013-01-23,73
2013-01-24,75
2013-01-25,76
2013-01-26,68
2013-01-27,65
2013-01-28,81
2013-01-29,77
2013-01-30,76
2013-01-31,79
2013-02-01,79
2013-02-02,66
2013-02-03,63
2013-02-04,83
2013-02-05,79
2013-02-06,74
2013-02-07,70
2013-02-08,71
2013-02-09,64
2013-02-10,64
2013-02-11,71
2013-02-12,72
2013-02-13,76
2013-02-14,66
2013-02-15,72
2013-02-16,62
2013-02-17,65
2013-02-18,72
2013-02-19,73
2013-02-20,72
2013-02-21,67
2013-02-22,68
2013-02-23,64
2013-02-24,63
2013-02-25,69
2013-02-26,73
2013-02-27,73
2013-02-28,74
2013-03-01,73
2013-03-02,62
2013-03-03,66
2013-03-04,74
2013-03-05,72
2013-03-06,71
2013-03-07,69
2013-03-08,70
2013-03-09,59
2013-03-10,61
2013-03-11,71
2013-03-12,70
2013-03-13,67
2013-03-14,70
2013-03-15,69
2013-03-16,58
2013-03-17,58
2013-03-18,73
2013-03-19,67
2013-03-20,72
2013-03-21,69
2013-03-22,61
2013-03-23,57
2013-03-24,62
2013-03-25,67
2013-03-26,69
2013-03-27,68
2013-03-28,70
2013-03-29,63
2013-03-30,56
2013-03-31,57
2013-04-01,68
2013-04-02,72
2013-04-03,72
2013-04-04,66
2013-04-05,70
2013-04-06,52
2013-04-07,62
2013-04-08,70
2013-04-09,67
2013-04-10,67
2013-04-11,68
2013-04-12,63
2013-04-13,60
2013-04-14,56
2013-04-15,67
2013-04-16,69
2013-04-17,60
2013-04-18,62
2013-04-19,62
2013-04-20,56
2013-04-21,54
2013-04-22,67
2013-04-23,63
2013-04-24,66
2013-04-25,68
2013-04-26,63
2013-04-27,53
2013-04-28,61
2013-04-29,68
2013-04-30,66
2013-05-01,66
2013-05-02,68
2013-05-03,65
2013-05-04,53
2013-05-05,54
2013-05-06,67
2013-05-07,64
2013-05-08,62
2013-05-09,64
2013-05-10,66
2013-05-11,56
2013-05-12,55
2013-05-13,69
2013-05-14,66
2013-05-15,69
2013-05-16,64
2013-05-17,63
2013-05-18,59
2013-05-19,59
2013-05-20,65
2013-05-21,68
2013-05-22,63
2013-05-23,65
2013-05-24,64
2013-05-25,53
2013-05-26,56
2013-05-27,65
2013-05-28,69
2013-05-29,65
2013-05-30,63
2013-05-31,65
2013-06-01,34
2013-06-02,37
2013-06-03,44
2013-06-04,43
2013-06-05,42
2013-06-06,41
2013-06-07,42
2013-06-08,35
2013-06-09,37
2013-06-10,45
2013-06-11,45
2013-06-12,43
2013-06-13,41
2013-06-14,43
2013-06-15,38
2013-06-16,37
2013-06-17,42
2013-06-18,43
2013-06-19,39
2013-06-20,43
2013-06-21,40
2013-06-22,36
2013-06-23,36
2013-06-24,44
2013-06-25,42
2013-06-26,41
2013-06-27,43
2013-06-28,47
2013-06-29,34
2013-06-30,38
2013-07-01,52
2013-07-02,46
2013-07-03,48
2013-07-04,43
2013-07-05,40
2013-07-06,33
2013-07-07,34
2013-07-08,47
2013-07-09,48
2013-07-10,46
2013-07-11,46
2013-07-12,42
2013-07-13,36
2013-07-14,39
2013-07-15,49
2013-07-16,46
2013-07-17,48
2013-07-18,44
2013-07-19,44
2013-07-20,37
2013-07-21,40
2013-07-22,46
2013-07-23,41
2013-07-24,43
2013-07-25,46
2013-07-26,41
2013-07-27,38
2013-07-28,39
2013-07-29,48
2013-07-30,49
2013-07-31,47
2013-08-01,48
2013-08-02,44
2013-08-03,40
2013-08-04,40
2013-08-05,51
2013-08-06,49
2013-08-07,46
2013-08-08,43
2013-08-09,44
2013-08-10,39
2013-08-11,37
2013-08-12,47
2013-08-13,46
2013-08-14,44
2013-08-15,46
2013-08-16,44
2013-08-17,36
2013-08-18,39
2013-08-19,46
2013-08-20,46
2013-08-21,48
2013-08-22,47
2013-08-23,42
2013-08-24,41
2013-08-25,40
2013-08-26,45
2013-08-27,48
2013-08-28,47
2013-08-29,46
2013-08-30,49
2013-08-31,40
2013-09-01,44
2013-09-02,45
2013-09-03,49
2013-09-04,48
2013-09-05,46
2013-09-06,43
2013-09-07,39
2013-09-08,39
2013-09-09,45
2013-09-10,45
2013-09-11,47
2013-09-12,44
2013-09-13,44
2013-09-14,43
2013-09-15,40
2013-09-16,50
2013-09-17,49
2013-09-18,45
2013-09-19,44
2013-09-20,42
2013-09-21,37
2013-09-22,35
2013-09-23,47
2013-09-24,47
2013-09-25,46
2013-09-26,46
2013-09-27,47
2013-09-28,37
2013-09-29,40
2013-09-30,50
2013-10-01,49
2013-10-02,49
2013-10-03,41
2013-10-04,45
2013-10-05,39
2013-10-06,38
2013-10-07,47
2013-10-08,45
2013-10-09,48
2013-10-10,45
2013-10-11,44
2013-10-12,37
2013-10-13,40
2013-10-14,50
2013-10-15,48
2013-10-16,46
2013-10-17,45
2013-10-18,43
2013-10-19,36
2013-10-20,39
2013-10-21,48
2013-10-22,46
2013-10-23,46
2013-10-24,44
2013-10-25,48
2013-10-26,40
2013-10-27,39
2013-10-28,49
2013-10-29,49
2013-10-30,49
2013-10-31,46
2013-11-01,47
2013-11-02,46
2013-11-03,43
2013-11-04,55
2013-11-05,51
2013-11-06,48
2013-11-07,49
2013-11-08,46
2013-11-09,43
2013-11-10,45
2013-11-11,53
2013-11-12,51
2013-11-13,51
2013-11-14,53
2013-11-15,49
2013-11-16,44
2013-11-17,46
2013-11-18,56
2013-11-19,54
2013-11-20,53
2013-11-21,51
2013-11-22,51
2013-11-23,45
2013-11-24,52
2013-11-25,60
2013-11-26,59
2013-11-27,62
2013-11-28,65
2013-11-29,83
2013-11-30,62
2013-12-01,60
2013-12-02,100
2013-12-03,81
2013-12-04,71
2013-12-05,70
2013-12-06,66
2013-12-07,61
2013-12-08,58
2013-12-09,72
2013-12-10,72
2013-12-11,63
2013-12-12,69
2013-12-13,72
2013-12-14,61
2013-12-15,61
2013-12-16,74
2013-12-17,70
2013-12-18,66
2013-12-19,68
2013-12-20,66
2013-12-21,54
2013-12-22,47
2013-12-23,57
2013-12-24,48
2013-12-25,44
2013-12-26,60
2013-12-27,68
2013-12-28,58
2013-12-29,56
2013-12-30,60
2013-12-31,56
2014-01-01,74
2014-01-02,100
2014-01-03,91
2014-01-04,74
2014-01-05,78
2014-01-06,87
2014-01-07,92
2014-01-08,89
2014-01-09,81
2014-01-10,81
2014-01-11,70
2014-01-12,68
2014-01-13,84
2014-01-14,82
2014-01-15,80
2014-01-16,74
2014-01-17,75
2014-01-18,69
2014-01-19,67
2014-01-20,78
2014-01-21,78
2014-01-22,80
2014-01-23,81
2014-01-24,78
2014-01-25,71
2014-01-26,70
2014-01-27,80
2014-01-28,77
2014-01-29,79
2014-01-30,89
2014-01-31,84
2014-02-01,73
2014-02-02,66
2014-02-03,83
2014-02-04,92
2014-02-05,83
2014-02-06,78
2014-02-07,76
2014-02-08,71
2014-02-09,69
2014-02-10,79
2014-02-11,79
2014-02-12,71
2014-02-13,73
2014-02-14,70
2014-02-15,63
2014-02-16,65
2014-02-17,76
2014-02-18,73
2014-02-19,75
2014-02-20,71
2014-02-21,70
2014-02-22,61
2014-02-23,64
2014-02-24,76
2014-02-25,74
2014-02-26,74
2014-02-27,75
2014-02-28,77
2014-03-01,67
2014-03-02,66
2014-03-03,75
2014-03-04,76
2014-03-05,71
2014-03-06,75
2014-03-07,68
2014-03-08,61
2014-03-09,60
2014-03-10,71
2014-03-11,71
2014-03-12,69
2014-03-13,76
2014-03-14,76
2014-03-15,62
2014-03-16,64
2014-03-17,72
2014-03-18,74
2014-03-19,68
2014-03-20,70
2014-03-21,68
2014-03-22,59
2014-03-23,58
2014-03-24,72
2014-03-25,74
2014-03-26,75
2014-03-27,74
2014-03-28,71
2014-03-29,64
2014-03-30,61
2014-03-31,80
2014-04-01,73
2014-04-02,76
2014-04-03,71
2014-04-04,69
2014-04-05,66
2014-04-06,64
2014-04-07,74
2014-04-08,72
2014-04-09,71
2014-04-10,75
2014-04-11,73
2014-04-12,61
2014-04-13,62
2014-04-14,80
2014-04-15,80
2014-04-16,73
2014-04-17,66
2014-04-18,64
2014-04-19,52
2014-04-20,59
2014-04-21,70
2014-04-22,74
2014-04-23,73
2014-04-24,71
2014-04-25,73
2014-04-26,59
2014-04-27,59
2014-04-28,78
2014-04-29,74
2014-04-30,76
2014-05-01,72
2014-05-02,72
2014-05-03,60
2014-05-04,58
2014-05-05,73
2014-05-06,75
2014-05-07,73
2014-05-08,72
2014-05-09,71
2014-05-10,61
2014-05-11,56
2014-05-12,70
2014-05-13,71
2014-05-14,69
2014-05-15,66
2014-05-16,62
2014-05-17,59
2014-05-18,56
2014-05-19,67
2014-05-20,69
2014-05-21,66
2014-05-22,69
2014-05-23,63
2014-05-24,59
2014-05-25,50
2014-05-26,66
2014-05-27,70
2014-05-28,72
2014-05-29,66
2014-05-30,72
2014-05-31,56
2014-06-01,29
2014-06-02,38
2014-06-03,36
2014-06-04,34
2014-06-05,39
2014-06-06,35
2014-06-07,28
2014-06-08,31
2014-06-09,33
2014-06-10,38
2014-06-11,38
2014-06-12,35
2014-06-13,31
2014-06-14,28
2014-06-15,30
2014-06-16,36
2014-06-17,34
2014-06-18,38
2014-06-19,39
2014-06-20,35
2014-06-21,28
2014-06-22,29
2014-06-23,37
2014-06-24,36
2014-06-25,37
2014-06-26,34
2014-06-27,37
2014-06-28,31
2014-06-29,31
2014-06-30,42
2014-07-01,39
2014-07-02,37
2014-07-03,39
2014-07-04,30
2014-07-05,31
2014-07-06,31
2014-07-07,40
2014-07-08,38
2014-07-09,36
2014-07-10,36
2014-07-11,36
2014-07-12,31
2014-07-13,29
2014-07-14,40
2014-07-15,40
2014-07-16,38
2014-07-17,35
2014-07-18,37
2014-07-19,32
2014-07-20,30
2014-07-21,40
2014-07-22,39
2014-07-23,35
2014-07-24,37
2014-07-25,45
2014-07-26,32
2014-07-27,33
2014-07-28,40
2014-07-29,41
2014-07-30,42
2014-07-31,42
2014-08-01,38
2014-08-02,33
2014-08-03,34
2014-08-04,43
2014-08-05,43
2014-08-06,41
2014-08-07,43
2014-08-08,37
2014-08-09,31
2014-08-10,33
2014-08-11,41
2014-08-12,39
2014-08-13,38
2014-08-14,40
2014-08-15,36
2014-08-16,33
2014-08-17,34
2014-08-18,39
2014-08-19,40
2014-08-20,38
2014-08-21,38
2014-08-22,38
2014-08-23,34
2014-08-24,33
2014-08-25,40
2014-08-26,44
2014-08-27,42
2014-08-28,40
2014-08-29,38
2014-08-30,32
2014-08-31,34
2014-09-01,37
2014-09-02,44
2014-09-03,42
2014-09-04,39
2014-09-05,39
2014-09-06,35
2014-09-07,35
2014-09-08,42
2014-09-09,40
2014-09-10,41
2014-09-11,40
2014-09-12,39
2014-09-13,34
2014-09-14,30
2014-09-15,40
2014-09-16,39
2014-09-17,39
2014-09-18,39
2014-09-19,40
2014-09-20,33
2014-09-21,33
2014-09-22,40
2014-09-23,39
2014-09-24,40
2014-09-25,41
2014-09-26,40
2014-09-27,32
2014-09-28,34
2014-09-29,43
2014-09-30,42
2014-10-01,43
2014-10-02,41
2014-10-03,38
2014-10-04,36
2014-10-05,34
2014-10-06,47
2014-10-07,45
2014-10-08,44
2014-10-09,40
2014-10-10,52
2014-10-11,39
2014-10-12,34
2014-10-13,46
2014-10-14,43
2014-10-15,46
2014-10-16,42
2014-10-17,42
2014-10-18,36
2014-10-19,36
2014-10-20,44
2014-10-21,44
2014-10-22,42
2014-10-23,40
2014-10-24,44
2014-10-25,37
2014-10-26,35
2014-10-27,44
2014-10-28,43
2014-10-29,41
2014-10-30,39
2014-10-31,40
2014-11-01,35
2014-11-02,34
2014-11-03,44
2014-11-04,42
2014-11-05,45
2014-11-06,41
2014-11-07,43
2014-11-08,35
2014-11-09,36
2014-11-10,44
2014-11-11,47
2014-11-12,43
2014-11-13,45
2014-11-14,43
2014-11-15,41
2014-11-16,41
2014-11-17,47
2014-11-18,49
2014-11-19,48
2014-11-20,46
2014-11-21,45
2014-11-22,40
2014-11-23,40
2014-11-24,52
2014-11-25,54
2014-11-26,54
2014-11-27,59
2014-11-28,100
2014-11-29,54
2014-11-30,54
2014-12-01,71
2014-12-02,63
2014-12-03,62
2014-12-04,57
2014-12-05,51
2014-12-06,47
2014-12-07,47
2014-12-08,57
2014-12-09,59
2014-12-10,60
2014-12-11,58
2014-12-12,56
2014-12-13,52
2014-12-14,52
2014-12-15,64
2014-12-16,61
2014-12-17,63
2014-12-18,56
2014-12-19,55
2014-12-20,49
2014-12-21,43
2014-12-22,52
2014-12-23,48
2014-12-24,40
2014-12-25,36
2014-12-26,50
2014-12-27,46
2014-12-28,42
2014-12-29,56
2014-12-30,51
2014-12-31,49
2015-01-01,77
2015-01-02,99
2015-01-03,87
2015-01-04,78
2015-01-05,100
2015-01-06,93
2015-01-07,92
2015-01-08,97
2015-01-09,98
2015-01-10,81
2015-01-11,82
2015-01-12,97
2015-01-13,99
2015-01-14,95
2015-01-15,96
2015-01-16,94
2015-01-17,75
2015-01-18,76
2015-01-19,95
2015-01-20,97
2015-01-21,98
2015-01-22,92
2015-01-23,95
2015-01-24,82
2015-01-25,79
2015-01-26,90
2015-01-27,90
2015-01-28,92
2015-01-29,88
2015-01-30,98
2015-01-31,86
2015-02-01,75
2015-02-02,92
2015-02-03,92
2015-02-04,90
2015-02-05,91
2015-02-06,87
2015-02-07,74
2015-02-08,74
2015-02-09,89
2015-02-10,87
2015-02-11,84
2015-02-12,84
2015-02-13,86
2015-02-14,68
2015-02-15,73
2015-02-16,83
2015-02-17,80
2015-02-18,80
2015-02-19,82
2015-02-20,80
2015-02-21,69
2015-02-22,67
2015-02-23,79
2015-02-24,82
2015-02-25,82
2015-02-26,76
2015-02-27,78
2015-02-28,72
2015-03-01,70
2015-03-02,88
2015-03-03,80
2015-03-04,77
2015-03-05,80
2015-03-06,74
2015-03-07,65
2015-03-08,64
2015-03-09,79
2015-03-10,77
2015-03-11,76
2015-03-12,77
2015-03-13,72
2015-03-14,68
2015-03-15,64
2015-03-16,78
2015-03-17,75
2015-03-18,72
2015-03-19,74
2015-03-20,70
2015-03-21,59
2015-03-22,59
2015-03-23,77
2015-03-24,75
2015-03-25,74
2015-03-26,75
2015-03-27,73
2015-03-28,66
2015-03-29,68
2015-03-30,81
2015-03-31,84
2015-04-01,81
2015-04-02,76
2015-04-03,68
2015-04-04,61
2015-04-05,58
2015-04-06,73
2015-04-07,80
2015-04-08,79
2015-04-09,70
2015-04-10,75
2015-04-11,72
2015-04-12,62
2015-04-13,79
2015-04-14,77
2015-04-15,79
2015-04-16,75
2015-04-17,71
2015-04-18,60
2015-04-19,60
2015-04-20,81
2015-04-21,74
2015-04-22,69
2015-04-23,75
2015-04-24,79
2015-04-25,71
2015-04-26,61
2015-04-27,77
2015-04-28,78
2015-04-29,75
2015-04-30,75
2015-05-01,76
2015-05-02,63
2015-05-03,58
2015-05-04,77
2015-05-05,81
2015-05-06,91
2015-05-07,84
2015-05-08,77
2015-05-09,63
2015-05-10,58
2015-05-11,76
2015-05-12,72
2015-05-13,69
2015-05-14,67
2015-05-15,74
2015-05-16,59
2015-05-17,59
2015-05-18,76
2015-05-19,71
2015-05-20,76
2015-05-21,70
2015-05-22,69
2015-05-23,58
2015-05-24,55
2015-05-25,62
2015-05-26,74
2015-05-27,71
2015-05-28,76
2015-05-29,70
2015-05-30,63
2015-05-31,60
2015-06-01,48
2015-06-02,47
2015-06-03,43
2015-06-04,43
2015-06-05,43
2015-06-06,38
2015-06-07,34
2015-06-08,47
2015-06-09,43
2015-06-10,44
2015-06-11,42
2015-06-12,42
2015-06-13,34
2015-06-14,36
2015-06-15,46
2015-06-16,46
2015-06-17,44
2015-06-18,43
2015-06-19,41
2015-06-20,37
2015-06-21,35
2015-06-22,45
2015-06-23,48
2015-06-24,46
2015-06-25,45
2015-06-26,43
2015-06-27,37
2015-06-28,37
2015-06-29,43
2015-06-30,49
2015-07-01,48
2015-07-02,47
2015-07-03,42
2015-07-04,35
2015-07-05,38
2015-07-06,50
2015-07-07,47
2015-07-08,47
2015-07-09,47
2015-07-10,47
2015-07-11,39
2015-07-12,38
2015-07-13,47
2015-07-14,53
2015-07-15,81
2015-07-16,56
2015-07-17,48
2015-07-18,41
2015-07-19,40
2015-07-20,50
2015-07-21,49
2015-07-22,47
2015-07-23,53
2015-07-24,57
2015-07-25,43
2015-07-26,39
2015-07-27,52
2015-07-28,50
2015-07-29,51
2015-07-30,49
2015-07-31,49
2015-08-01,42
2015-08-02,41
2015-08-03,53
2015-08-04,53
2015-08-05,51
2015-08-06,50
2015-08-07,47
2015-08-08,41
2015-08-09,41
2015-08-10,60
2015-08-11,61
2015-08-12,57
2015-08-13,48
2015-08-14,50
2015-08-15,40
2015-08-16,40
2015-08-17,52
2015-08-18,51
2015-08-19,49
2015-08-20,48
2015-08-21,50
2015-08-22,40
2015-08-23,39
2015-08-24,54
2015-08-25,54
2015-08-26,50
2015-08-27,50
2015-08-28,49
2015-08-29,40
2015-08-30,38
2015-08-31,52
2015-09-01,53
2015-09-02,50
2015-09-03,44
2015-09-04,43
2015-09-05,40
2015-09-06,39
2015-09-07,44
2015-09-08,46
2015-09-09,45
2015-09-10,49
2015-09-11,44
2015-09-12,39
2015-09-13,40
2015-09-14,46
2015-09-15,47
2015-09-16,48
2015-09-17,44
2015-09-18,45
2015-09-19,41
2015-09-20,39
2015-09-21,46
2015-09-22,47
2015-09-23,46
2015-09-24,46
2015-09-25,46
2015-09-26,39
2015-09-27,40
2015-09-28,51
2015-09-29,51
2015-09-30,52
2015-10-01,48
2015-10-02,47
2015-10-03,40
2015-10-04,41
2015-10-05,51
2015-10-06,51
2015-10-07,49
2015-10-08,47
2015-10-09,46
2015-10-10,43
2015-10-11,38
2015-10-12,52
2015-10-13,57
2015-10-14,57
2015-10-15,57
2015-10-16,55
2015-10-17,47
2015-10-18,40
2015-10-19,52
2015-10-20,50
2015-10-21,50
2015-10-22,51
2015-10-23,53
2015-10-24,43
2015-10-25,37
2015-10-26,57
2015-10-27,58
2015-10-28,56
2015-10-29,52
2015-10-30,55
2015-10-31,41
2015-11-01,43
2015-11-02,55
2015-11-03,57
2015-11-04,52
2015-11-05,56
2015-11-06,56
2015-11-07,46
2015-11-08,46
2015-11-09,57
2015-11-10,56
2015-11-11,53
2015-11-12,53
2015-11-13,54
2015-11-14,43
2015-11-15,44
2015-11-16,60
2015-11-17,55
2015-11-18,56
2015-11-19,57
2015-11-20,56
2015-11-21,49
2015-11-22,47
2015-11-23,66
2015-11-24,64
2015-11-25,64
2015-11-26,69
2015-11-27,100
2015-11-28,70
2015-11-29,63
2015-11-30,92
2015-12-01,80
2015-12-02,70
2015-12-03,65
2015-12-04,65
2015-12-05,59
2015-12-06,53
2015-12-07,68
2015-12-08,70
2015-12-09,68
2015-12-10,67
2015-12-11,67
2015-12-12,58
2015-12-13,56
2015-12-14,78
2015-12-15,73
2015-12-16,73
2015-12-17,71
2015-12-18,72
2015-12-19,62
2015-12-20,55
2015-12-21,71
2015-12-22,66
2015-12-23,61
2015-12-24,50
2015-12-25,49
2015-12-26,52
2015-12-27,54
2015-12-28,69
2015-12-29,68
2015-12-30,60
2015-12-31,58
2016-01-01,75
2016-01-02,77
2016-01-03,73
2016-01-04,95
2016-01-05,86
2016-01-06,87
2016-01-07,88
2016-01-08,83
2016-01-09,69
2016-01-10,69
2016-01-11,82
2016-01-12,78
2016-01-13,74
2016-01-14,80
2016-01-15,77
2016-01-16,67
2016-01-17,67
2016-01-18,74
2016-01-19,80
2016-01-20,80
2016-01-21,85
2016-01-22,83
2016-01-23,69
2016-01-24,66
2016-01-25,78
2016-01-26,77
2016-01-27,80
2016-01-28,89
2016-01-29,100
2016-01-30,74
2016-01-31,69
2016-02-01,87
2016-02-02,85
2016-02-03,84
2016-02-04,80
2016-02-05,82
2016-02-06,72
2016-02-07,62
2016-02-08,80
2016-02-09,84
2016-02-10,86
2016-02-11,81
2016-02-12,75
2016-02-13,61
2016-02-14,60
2016-02-15,77
2016-02-16,78
2016-02-17,78
2016-02-18,75
2016-02-19,72
2016-02-20,66
2016-02-21,66
2016-02-22,74
2016-02-23,75
2016-02-24,74
2016-02-25,72
2016-02-26,73
2016-02-27,65
2016-02-28,66
2016-02-29,80
2016-03-01,81
2016-03-02,80
2016-03-03,77
2016-03-04,79
2016-03-05,69
2016-03-06,62
2016-03-07,77
2016-03-08,72
2016-03-09,74
2016-03-10,76
2016-03-11,73
2016-03-12,63
2016-03-13,62
2016-03-14,76
2016-03-15,73
2016-03-16,69
2016-03-17,68
2016-03-18,65
2016-03-19,59
2016-03-20,59
2016-03-21,76
2016-03-22,73
2016-03-23,73
2016-03-24,69
2016-03-25,67
2016-03-26,55
2016-03-27,50
2016-03-28,72
2016-03-29,79
2016-03-30,75
2016-03-31,75
2016-04-01,71
2016-04-02,60
2016-04-03,63
2016-04-04,76
2016-04-05,78
2016-04-06,73
2016-04-07,73
2016-04-08,71
2016-04-09,60
2016-04-10,61
2016-04-11,78
2016-04-12,75
2016-04-13,72
2016-04-14,71
2016-04-15,75
2016-04-16,62
2016-04-17,57
2016-04-18,74
2016-04-19,74
2016-04-20,71
2016-04-21,67
2016-04-22,66
2016-04-23,59
2016-04-24,56
2016-04-25,71
2016-04-26,71
2016-04-27,70
2016-04-28,82
2016-04-29,83
2016-04-30,67
2016-05-01,60
2016-05-02,82
2016-05-03,76
2016-05-04,73
2016-05-05,70
2016-05-06,70
2016-05-07,60
2016-05-08,51
2016-05-09,78
2016-05-10,78
2016-05-11,79
2016-05-12,76
2016-05-13,75
2016-05-14,59
2016-05-15,62
2016-05-16,78
2016-05-17,77
2016-05-18,72
2016-05-19,71
2016-05-20,70
2016-05-21,58
2016-05-22,60
2016-05-23,71
2016-05-24,70
2016-05-25,73
2016-05-26,68
2016-05-27,71
2016-05-28,59
2016-05-29,56
2016-05-30,66
2016-05-31,77
2016-06-01,53
2016-06-02,51
2016-06-03,49
2016-06-04,39
2016-06-05,40
2016-06-06,50
2016-06-07,49
2016-06-08,50
2016-06-09,52
2016-06-10,47
2016-06-11,40
2016-06-12,41
2016-06-13,50
2016-06-14,50
2016-06-15,49
2016-06-16,48
2016-06-17,46
2016-06-18,40
2016-06-19,40
2016-06-20,49
2016-06-21,49
2016-06-22,46
2016-06-23,50
2016-06-24,71
2016-06-25,49
2016-06-26,45
2016-06-27,55
2016-06-28,55
2016-06-29,51
2016-06-30,54
2016-07-01,52
2016-07-02,46
2016-07-03,41
2016-07-04,45
2016-07-05,54
2016-07-06,57
2016-07-07,56
2016-07-08,54
2016-07-09,45
2016-07-10,42
2016-07-11,58
2016-07-12,83
2016-07-13,61
2016-07-14,48
2016-07-15,53
2016-07-16,42
2016-07-17,37
2016-07-18,53
2016-07-19,50
2016-07-20,50
2016-07-21,47
2016-07-22,49
2016-07-23,38
2016-07-24,41
2016-07-25,54
2016-07-26,51
2016-07-27,54
2016-07-28,64
2016-07-29,67
2016-07-30,47
2016-07-31,45
2016-08-01,60
2016-08-02,60
2016-08-03,56
2016-08-04,53
2016-08-05,51
2016-08-06,44
2016-08-07,40
2016-08-08,62
2016-08-09,56
2016-08-10,55
2016-08-11,51
2016-08-12,49
2016-08-13,40
2016-08-14,39
2016-08-15,50
2016-08-16,50
2016-08-17,47
2016-08-18,44
2016-08-19,49
2016-08-20,41
2016-08-21,39
2016-08-22,52
2016-08-23,49
2016-08-24,49
2016-08-25,52
2016-08-26,48
2016-08-27,40
2016-08-28,39
2016-08-29,49
2016-08-30,53
2016-08-31,52
2016-09-01,53
2016-09-02,54
2016-09-03,41
2016-09-04,45
2016-09-05,49
2016-09-06,48
2016-09-07,55
2016-09-08,54
2016-09-09,51
2016-09-10,44
2016-09-11,40
2016-09-12,52
2016-09-13,48
2016-09-14,49
2016-09-15,55
2016-09-16,51
2016-09-17,42
2016-09-18,39
2016-09-19,49
2016-09-20,52
2016-09-21,47
2016-09-22,53
2016-09-23,49
2016-09-24,42
2016-09-25,40
2016-09-26,53
2016-09-27,49
2016-09-28,54
2016-09-29,55
2016-09-30,59
2016-10-01,60
2016-10-02,47
2016-10-03,62
2016-10-04,66
2016-10-05,64
2016-10-06,57
2016-10-07,55
2016-10-08,44
2016-10-09,44
2016-10-10,51
2016-10-11,55
2016-10-12,57
2016-10-13,54
2016-10-14,55
2016-10-15,46
2016-10-16,43
2016-10-17,59
2016-10-18,59
2016-10-19,54
2016-10-20,56
2016-10-21,55
2016-10-22,43
2016-10-23,45
2016-10-24,56
2016-10-25,58
2016-10-26,56
2016-10-27,64
2016-10-28,70
2016-10-29,43
2016-10-30,41
2016-10-31,57
2016-11-01,53
2016-11-02,54
2016-11-03,57
2016-11-04,57
2016-11-05,50
2016-11-06,45
2016-11-07,55
2016-11-08,52
2016-11-09,56
2016-11-10,63
2016-11-11,60
2016-11-12,49
2016-11-13,49
2016-11-14,65
2016-11-15,63
2016-11-16,64
2016-11-17,62
2016-11-18,69
2016-11-19,53
2016-11-20,57
2016-11-21,69
2016-11-22,69
2016-11-23,69
2016-11-24,73
2016-11-25,100
2016-11-26,68
2016-11-27,63
2016-11-28,94
2016-11-29,74
2016-11-30,71
2016-12-01,73
2016-12-02,69
2016-12-03,59
2016-12-04,59
2016-12-05,74
2016-12-06,74
2016-12-07,71
2016-12-08,70
2016-12-09,65
2016-12-10,56
2016-12-11,56
2016-12-12,76
2016-12-13,77
2016-12-14,78
2016-12-15,80
2016-12-16,73
2016-12-17,66
2016-12-18,61
2016-12-19,82
2016-12-20,81
2016-12-21,78
2016-12-22,70
2016-12-23,65
2016-12-24,46
2016-12-25,46
2016-12-26,61
2016-12-27,72
2016-12-28,71
2016-12-29,69
2016-12-30,70
2016-12-31,52
2017-01-01,58
2017-01-02,92
2017-01-03,89
2017-01-04,89
2017-01-05,87
2017-01-06,88
2017-01-07,77
2017-01-08,73
2017-01-09,87
2017-01-10,85
2017-01-11,93
2017-01-12,100
2017-01-13,92
2017-01-14,72
2017-01-15,72
2017-01-16,82
2017-01-17,84
2017-01-18,81
2017-01-19,82
2017-01-20,84
2017-01-21,74
2017-01-22,69
2017-01-23,80
2017-01-24,83
2017-01-25,83
2017-01-26,79
2017-01-27,75
2017-01-28,65
2017-01-29,60
2017-01-30,74
2017-01-31,81
2017-02-01,82
2017-02-02,91
2017-02-03,95
2017-02-04,71
2017-02-05,64
2017-02-06,80
2017-02-07,78
2017-02-08,76
2017-02-09,73
2017-02-10,75
2017-02-11,65
2017-02-12,60
2017-02-13,77
2017-02-14,72
2017-02-15,77
2017-02-16,76
2017-02-17,70
2017-02-18,65
2017-02-19,62
2017-02-20,73
2017-02-21,75
2017-02-22,78
2017-02-23,76
2017-02-24,70
2017-02-25,63
2017-02-26,58
2017-02-27,74
2017-02-28,81
2017-03-01,84
2017-03-02,76
2017-03-03,75
2017-03-04,60
2017-03-05,65
2017-03-06,77
2017-03-07,73
2017-03-08,75
2017-03-09,78
2017-03-10,80
2017-03-11,61
2017-03-12,57
2017-03-13,73
2017-03-14,72
2017-03-15,70
2017-03-16,69
2017-03-17,70
2017-03-18,58
2017-03-19,57
2017-03-20,70
2017-03-21,72
2017-03-22,67
2017-03-23,72
2017-03-24,68
2017-03-25,55
2017-03-26,60
2017-03-27,72
2017-03-28,76
2017-03-29,75
2017-03-30,79
2017-03-31,78
2017-04-01,66
2017-04-02,64
2017-04-03,81
2017-04-04,78
2017-04-05,86
2017-04-06,87
2017-04-07,74
2017-04-08,63
2017-04-09,55
2017-04-10,75
2017-04-11,75
2017-04-12,74
2017-04-13,74
2017-04-14,67
2017-04-15,59
2017-04-16,50
2017-04-17,73
2017-04-18,73
2017-04-19,79
2017-04-20,73
2017-04-21,69
2017-04-22,61
2017-04-23,53
2017-04-24,71
2017-04-25,71
2017-04-26,77
2017-04-27,88
2017-04-28,93
2017-04-29,64
2017-04-30,63
2017-05-01,47
2017-05-02,47
2017-05-03,46
2017-05-04,43
2017-05-05,44
2017-05-06,36
2017-05-07,31
2017-05-08,47
2017-05-09,45
2017-05-10,44
2017-05-11,50
2017-05-12,46
2017-05-13,37
2017-05-14,33
2017-05-15,47
2017-05-16,48
2017-05-17,43
2017-05-18,43
2017-05-19,43
2017-05-20,35
2017-05-21,32
2017-05-22,42
2017-05-23,42
2017-05-24,42
2017-05-25,42
2017-05-26,41
2017-05-27,33
2017-05-28,31
2017-05-29,38
2017-05-30,52
2017-05-31,52
2017-06-01,49
2017-06-02,46
2017-06-03,35
2017-06-04,33
2017-06-05,47
2017-06-06,50
2017-06-07,46
2017-06-08,42
2017-06-09,46
2017-06-10,38
2017-06-11,33
2017-06-12,50
2017-06-13,48
2017-06-14,45
2017-06-15,46
2017-06-16,71
2017-06-17,47
2017-06-18,37
2017-06-19,52
2017-06-20,54
2017-06-21,52
2017-06-22,48
2017-06-23,47
2017-06-24,36
2017-06-25,37
2017-06-26,48
2017-06-27,50
2017-06-28,46
2017-06-29,49
2017-06-30,47
2017-07-01,40
2017-07-02,37
2017-07-03,50
2017-07-04,55
2017-07-05,50
2017-07-06,49
2017-07-07,46
2017-07-08,35
2017-07-09,39
2017-07-10,63
2017-07-11,84
2017-07-12,58
2017-07-13,50
2017-07-14,47
2017-07-15,38
2017-07-16,36
2017-07-17,47
2017-07-18,51
2017-07-19,50
2017-07-20,49
2017-07-21,43
2017-07-22,36
2017-07-23,35
2017-07-24,46
2017-07-25,53
2017-07-26,53
2017-07-27,72
2017-07-28,70
2017-07-29,45
2017-07-30,41
2017-07-31,60
2017-08-01,61
2017-08-02,56
2017-08-03,55
2017-08-04,53
2017-08-05,42
2017-08-06,38
2017-08-07,51
2017-08-08,55
2017-08-09,55
2017-08-10,53
2017-08-11,52
2017-08-12,40
2017-08-13,36
2017-08-14,50
2017-08-15,55
2017-08-16,57
2017-08-17,56
2017-08-18,52
2017-08-19,40
2017-08-20,40
2017-08-21,52
2017-08-22,50
2017-08-23,53
2017-08-24,54
2017-08-25,52
2017-08-26,42
2017-08-27,36
2017-08-28,51
2017-08-29,57
2017-08-30,53
2017-08-31,58
2017-09-01,56
2017-09-02,46
2017-09-03,43
2017-09-04,49
2017-09-05,52
2017-09-06,52
2017-09-07,51
2017-09-08,54
2017-09-09,43
2017-09-10,42
2017-09-11,51
2017-09-12,52
2017-09-13,56
2017-09-14,55
2017-09-15,53
2017-09-16,44
2017-09-17,41
2017-09-18,54
2017-09-19,54
2017-09-20,54
2017-09-21,61
2017-09-22,57
2017-09-23,46
2017-09-24,46
2017-09-25,54
2017-09-26,53
2017-09-27,52
2017-09-28,53
2017-09-29,55
2017-09-30,44
2017-10-01,44
2017-10-02,52
2017-10-03,58
2017-10-04,63
2017-10-05,61
2017-10-06,55
2017-10-07,50
2017-10-08,45
2017-10-09,55
2017-10-10,54
2017-10-11,56
2017-10-12,58
2017-10-13,56
2017-10-14,50
2017-10-15,42
2017-10-16,59
2017-10-17,59
2017-10-18,54
2017-10-19,52
2017-10-20,54
2017-10-21,44
2017-10-22,40
2017-10-23,56
2017-10-24,54
2017-10-25,54
2017-10-26,62
2017-10-27,82
2017-10-28,53
2017-10-29,45
2017-10-30,61
2017-10-31,56
2017-11-01,57
2017-11-02,61
2017-11-03,58
2017-11-04,49
2017-11-05,49
2017-11-06,62
2017-11-07,61
2017-11-08,63
2017-11-09,60
2017-11-10,57
2017-11-11,46
2017-11-12,48
2017-11-13,62
2017-11-14,64
2017-11-15,67
2017-11-16,62
2017-11-17,63
2017-11-18,51
2017-11-19,51
2017-11-20,72
2017-11-21,70
2017-11-22,72
2017-11-23,69
2017-11-24,100
2017-11-25,70
2017-11-26,64
2017-11-27,93
2017-11-28,80
2017-11-29,78
2017-11-30,78
2017-12-01,73
2017-12-02,59
2017-12-03,60
2017-12-04,76
2017-12-05,78
2017-12-06,74
2017-12-07,73
2017-12-08,75
2017-12-09,63
2017-12-10,61
2017-12-11,78
2017-12-12,79
2017-12-13,79
2017-12-14,78
2017-12-15,79
2017-12-16,64
2017-12-17,61
2017-12-18,80
2017-12-19,77
2017-12-20,72
2017-12-21,70
2017-12-22,64
2017-12-23,52
2017-12-24,41
2017-12-25,47
2017-12-26,62
2017-12-27,74
2017-12-28,70
2017-12-29,70
2017-12-30,56
2017-12-31,43
2018-01-01,55
2018-01-02,83
2018-01-03,80
2018-01-04,76
2018-01-05,75
2018-01-06,59
2018-01-07,56
2018-01-08,70
2018-01-09,74
2018-01-10,76
2018-01-11,71
2018-01-12,76
2018-01-13,58
2018-01-14,55
2018-01-15,67
2018-01-16,70
2018-01-17,71
2018-01-18,73
2018-01-19,69
2018-01-20,62
2018-01-21,56
2018-01-22,72
2018-01-23,75
2018-01-24,72
2018-01-25,72
2018-01-26,70
2018-01-27,58
2018-01-28,54
2018-01-29,75
2018-01-30,83
2018-01-31,87
2018-02-01,92
2018-02-02,100
2018-02-03,67
2018-02-04,55
2018-02-05,81
2018-02-06,89
2018-02-07,77
2018-02-08,77
2018-02-09,79
2018-02-10,60
2018-02-11,53
2018-02-12,70
2018-02-13,73
2018-02-14,70
2018-02-15,71
2018-02-16,67
2018-02-17,55
2018-02-18,50
2018-02-19,62
2018-02-20,70
2018-02-21,70
2018-02-22,71
2018-02-23,69
2018-02-24,52
2018-02-25,50
2018-02-26,70
2018-02-27,74
2018-02-28,74
2018-03-01,75
2018-03-02,70
2018-03-03,58
2018-03-04,53
2018-03-05,72
2018-03-06,71
2018-03-07,73
2018-03-08,68
2018-03-09,72
2018-03-10,57
2018-03-11,53
2018-03-12,73
2018-03-13,75
2018-03-14,67
2018-03-15,70
2018-03-16,63
2018-03-17,52
2018-03-18,52
2018-03-19,69
2018-03-20,70
2018-03-21,71
2018-03-22,68
2018-03-23,67
2018-03-24,53
2018-03-25,49
2018-03-26,69
2018-03-27,72
2018-03-28,86
2018-03-29,91
2018-03-30,69
2018-03-31,51
2018-04-01,49
2018-04-02,88
2018-04-03,95
2018-04-04,84
2018-04-05,77
2018-04-06,74
2018-04-07,52
2018-04-08,49
2018-04-09,68
2018-04-10,69
2018-04-11,66
2018-04-12,64
2018-04-13,63
2018-04-14,49
2018-04-15,47
2018-04-16,63
2018-04-17,67
2018-04-18,68
2018-04-19,71
2018-04-20,62
2018-04-21,51
2018-04-22,48
2018-04-23,62
2018-04-24,66
2018-04-25,68
2018-04-26,77
2018-04-27,89
2018-04-28,55
2018-04-29,48
2018-04-30,70
2018-05-01,67
2018-05-02,67
2018-05-03,67
2018-05-04,62
2018-05-05,48
2018-05-06,43
2018-05-07,65
2018-05-08,64
2018-05-09,65
2018-05-10,63
2018-05-11,62
2018-05-12,47
2018-05-13,47
2018-05-14,66
2018-05-15,67
2018-05-16,65
2018-05-17,63
2018-05-18,59
2018-05-19,44
2018-05-20,43
2018-05-21,58
2018-05-22,61
2018-05-23,63
2018-05-24,61
2018-05-25,58
2018-05-26,44
2018-05-27,42
2018-05-28,54
2018-05-29,62
2018-05-30,62
2018-05-31,65
2018-06-01,66
2018-06-02,52
2018-06-03,50
2018-06-04,64
2018-06-05,71
2018-06-06,70
2018-06-07,66
2018-06-08,61
2018-06-09,46
2018-06-10,48
2018-06-11,66
2018-06-12,68
2018-06-13,65
2018-06-14,62
2018-06-15,63
2018-06-16,47
2018-06-17,44
2018-06-18,63
2018-06-19,63
2018-06-20,65
2018-06-21,63
2018-06-22,58
2018-06-23,45
2018-06-24,42
2018-06-25,64
2018-06-26,63
2018-06-27,62
2018-06-28,67
2018-06-29,67
2018-06-30,47
2018-07-01,38
2018-07-02,52
2018-07-03,52
2018-07-04,45
2018-07-05,51
2018-07-06,48
2018-07-07,39
2018-07-08,39
2018-07-09,55
2018-07-10,55
2018-07-11,53
2018-07-12,57
2018-07-13,57
2018-07-14,40
2018-07-15,39
2018-07-16,100
2018-07-17,98
2018-07-18,69
2018-07-19,59
2018-07-20,54
2018-07-21,40
2018-07-22,39
2018-07-23,54
2018-07-24,57
2018-07-25,56
2018-07-26,75
2018-07-27,74
2018-07-28,43
2018-07-29,40
2018-07-30,59
2018-07-31,61
2018-08-01,59
2018-08-02,57
2018-08-03,55
2018-08-04,42
2018-08-05,37
2018-08-06,52
2018-08-07,55
2018-08-08,55
2018-08-09,56
2018-08-10,55
2018-08-11,41
2018-08-12,39
2018-08-13,55
2018-08-14,57
2018-08-15,54
2018-08-16,56
2018-08-17,52
2018-08-18,40
2018-08-19,37
2018-08-20,54
2018-08-21,52
2018-08-22,52
2018-08-23,53
2018-08-24,52
2018-08-25,39
2018-08-26,37
2018-08-27,54
2018-08-28,57
2018-08-29,61
2018-08-30,64
2018-08-31,62
2018-09-01,43
2018-09-02,41
2018-09-03,50
2018-09-04,67
2018-09-05,70
2018-09-06,62
2018-09-07,57
2018-09-08,41
2018-09-09,39
2018-09-10,56
2018-09-11,55
2018-09-12,55
2018-09-13,54
2018-09-14,53
2018-09-15,39
2018-09-16,36
2018-09-17,56
2018-09-18,54
2018-09-19,55
2018-09-20,54
2018-09-21,52
2018-09-22,39
2018-09-23,38
2018-09-24,52
2018-09-25,53
2018-09-26,54
2018-09-27,53
2018-09-28,54
2018-09-29,39
2018-09-30,40
2018-10-01,60
2018-10-02,60
2018-10-03,57
2018-10-04,57
2018-10-05,59
2018-10-06,40
2018-10-07,40
2018-10-08,56
2018-10-09,59
2018-10-10,73
2018-10-11,80
2018-10-12,70
2018-10-13,48
2018-10-14,42
2018-10-15,61
2018-10-16,59
2018-10-17,56
2018-10-18,56
2018-10-19,55
2018-10-20,39
2018-10-21,37
2018-10-22,56
2018-10-23,56
2018-10-24,59
2018-10-25,72
2018-10-26,77
2018-10-27,46
2018-10-28,41
2018-10-29,65
2018-10-30,75
2018-10-31,65
2018-11-01,65
2018-11-02,68
2018-11-03,47
2018-11-04,43
2018-11-05,64
2018-11-06,62
2018-11-07,61
2018-11-08,61
2018-11-09,58
2018-11-10,44
2018-11-11,41
2018-11-12,58
2018-11-13,68
2018-11-14,65
2018-11-15,64
2018-11-16,63
2018-11-17,48
2018-11-18,48
2018-11-19,69
2018-11-20,73
2018-11-21,68
2018-11-22,63
2018-11-23,85
2018-11-24,55
2018-11-25,54
2018-11-26,78
2018-11-27,70
2018-11-28,73
2018-11-29,69
2018-11-30,68
2018-12-01,54
2018-12-02,51
2018-12-03,74
2018-12-04,76
2018-12-05,71
2018-12-06,70
2018-12-07,71
2018-12-08,56
2018-12-09,54
2018-12-10,75
2018-12-11,70
2018-12-12,71
2018-12-13,68
2018-12-14,67
2018-12-15,55
2018-12-16,52
2018-12-17,72
2018-12-18,70
2018-12-19,73
2018-12-20,72
2018-12-21,69
2018-12-22,50
2018-12-23,41
2018-12-24,48
2018-12-25,46
2018-12-26,67
2018-12-27,73
2018-12-28,68
2018-12-29,48
2018-12-30,41
2018-12-31,52
2019-01-01,44
2019-01-02,67
2019-01-03,70
2019-01-04,68
2019-01-05,49
2019-01-06,44
2019-01-07,60
2019-01-08,68
2019-01-09,69
2019-01-10,65
2019-01-11,62
2019-01-12,48
2019-01-13,43
2019-01-14,58
2019-01-15,61
2019-01-16,59
2019-01-17,58
2019-01-18,60
2019-01-19,45
2019-01-20,42
2019-01-21,54
2019-01-22,58
2019-01-23,56
2019-01-24,54
2019-01-25,54
2019-01-26,43
2019-01-27,41
2019-01-28,53
2019-01-29,55
2019-01-30,58
2019-01-31,69
2019-02-01,67
2019-02-02,46
2019-02-03,40
2019-02-04,56
2019-02-05,60
2019-02-06,58
2019-02-07,55
2019-02-08,56
2019-02-09,43
2019-02-10,38
2019-02-11,55
2019-02-12,55
2019-02-13,54
2019-02-14,56
2019-02-15,59
2019-02-16,46
2019-02-17,42
2019-02-18,52
2019-02-19,53
2019-02-20,56
2019-02-21,52
2019-02-22,53
2019-02-23,42
2019-02-24,39
2019-02-25,52
2019-02-26,52
2019-02-27,51
2019-02-28,52
2019-03-01,57
2019-03-02,46
2019-03-03,41
2019-03-04,59
2019-03-05,58
2019-03-06,54
2019-03-07,53
2019-03-08,50
2019-03-09,42
2019-03-10,40
2019-03-11,53
2019-03-12,55
2019-03-13,53
2019-03-14,53
2019-03-15,51
2019-03-16,41
2019-03-17,38
2019-03-18,53
2019-03-19,57
2019-03-20,57
2019-03-21,55
2019-03-22,55
2019-03-23,39
2019-03-24,40
2019-03-25,55
2019-03-26,57
2019-03-27,53
2019-03-28,52
2019-03-29,50
2019-03-30,39
2019-03-31,37
2019-04-01,56
2019-04-02,56
2019-04-03,56
2019-04-04,55
2019-04-05,56
2019-04-06,41
2019-04-07,40
2019-04-08,56
2019-04-09,59
2019-04-10,53
2019-04-11,55
2019-04-12,59
2019-04-13,41
2019-04-14,38
2019-04-15,54
2019-04-16,53
2019-04-17,51
2019-04-18,50
2019-04-19,43
2019-04-20,37
2019-04-21,31
2019-04-22,46
2019-04-23,59
2019-04-24,55
2019-04-25,62
2019-04-26,64
2019-04-27,40
2019-04-28,38
2019-04-29,55
2019-04-30,55
2019-05-01,56
2019-05-02,54
2019-05-03,59
2019-05-04,44
2019-05-05,40
2019-05-06,56
2019-05-07,55
2019-05-08,54
2019-05-09,55
2019-05-10,53
2019-05-11,40
2019-05-12,37
2019-05-13,56
2019-05-14,58
2019-05-15,56
2019-05-16,56
2019-05-17,54
2019-05-18,38
2019-05-19,37
2019-05-20,54
2019-05-21,54
2019-05-22,54
2019-05-23,47
2019-05-24,51
2019-05-25,38
2019-05-26,35
2019-05-27,44
2019-05-28,53
2019-05-29,54
2019-05-30,50
2019-05-31,54
2019-06-01,41
2019-06-02,39
2019-06-03,59
2019-06-04,60
2019-06-05,53
2019-06-06,54
2019-06-07,51
2019-06-08,38
2019-06-09,36
2019-06-10,57
2019-06-11,59
2019-06-12,56
2019-06-13,56
2019-06-14,52
2019-06-15,41
2019-06-16,36
2019-06-17,57
2019-06-18,56
2019-06-19,55
2019-06-20,55
2019-06-21,53
2019-06-22,40
2019-06-23,40
2019-06-24,52
2019-06-25,54
2019-06-26,53
2019-06-27,50
2019-06-28,52
2019-06-29,41
2019-06-30,38
2019-07-01,57
2019-07-02,56
2019-07-03,56
2019-07-04,46
2019-07-05,51
2019-07-06,41
2019-07-07,43
2019-07-08,56
2019-07-09,56
2019-07-10,59
2019-07-11,61
2019-07-12,59
2019-07-13,43
2019-07-14,46
2019-07-15,100
2019-07-16,92
2019-07-17,64
2019-07-18,59
2019-07-19,57
2019-07-20,44
2019-07-21,40
2019-07-22,55
2019-07-23,56
2019-07-24,57
2019-07-25,60
2019-07-26,60
2019-07-27,43
2019-07-28,41
2019-07-29,56
2019-07-30,57
2019-07-31,60
2019-08-01,61
2019-08-02,56
2019-08-03,43
2019-08-04,38
2019-08-05,59
2019-08-06,62
2019-08-07,59
2019-08-08,57
2019-08-09,57
2019-08-10,42
2019-08-11,38
2019-08-12,57
2019-08-13,58
2019-08-14,59
2019-08-15,58
2019-08-16,57
2019-08-17,43
2019-08-18,42
2019-08-19,57
2019-08-20,58
2019-08-21,56
2019-08-22,58
2019-08-23,56
2019-08-24,43
2019-08-25,40
2019-08-26,55
2019-08-27,59
2019-08-28,57
2019-08-29,57
2019-08-30,55
2019-08-31,42
2019-09-01,39
2019-09-02,48
2019-09-03,54
2019-09-04,55
2019-09-05,53
2019-09-06,54
2019-09-07,39
2019-09-08,39
2019-09-09,55
2019-09-10,54
2019-09-11,53
2019-09-12,53
2019-09-13,51
2019-09-14,42
2019-09-15,39
2019-09-16,54
2019-09-17,52
2019-09-18,52
2019-09-19,50
2019-09-20,52
2019-09-21,40
2019-09-22,41
2019-09-23,53
2019-09-24,56
2019-09-25,55
2019-09-26,54
2019-09-27,56
2019-09-28,51
2019-09-29,51
2019-09-30,65
2019-10-01,65
2019-10-02,59
2019-10-03,58
2019-10-04,58
2019-10-05,44
2019-10-06,41
2019-10-07,56
2019-10-08,54
2019-10-09,55
2019-10-10,51
2019-10-11,53
2019-10-12,44
2019-10-13,40
2019-10-14,55
2019-10-15,57
2019-10-16,57
2019-10-17,58
2019-10-18,53
2019-10-19,44
2019-10-20,42
2019-10-21,57
2019-10-22,57
2019-10-23,55
2019-10-24,63
2019-10-25,80
2019-10-26,48
2019-10-27,41
2019-10-28,57
2019-10-29,57
2019-10-30,54
2019-10-31,52
2019-11-01,55
2019-11-02,43
2019-11-03,43
2019-11-04,59
2019-11-05,58
2019-11-06,58
2019-11-07,55
2019-11-08,57
2019-11-09,44
2019-11-10,43
2019-11-11,56
2019-11-12,58
2019-11-13,56
2019-11-14,56
2019-11-15,61
2019-11-16,50
2019-11-17,46
2019-11-18,60
